# ************************************************************
# Sequel Pro SQL dump
# Version 4541
#
# http://www.sequelpro.com/
# https://github.com/sequelpro/sequelpro
#
# Host: 127.0.0.1 (MySQL 5.7.22)
# Database: soulfood
# Generation Time: 2018-09-29 05:40:44 +0000
# ************************************************************


/*!40101 SET @OLD_CHARACTER_SET_CLIENT=@@CHARACTER_SET_CLIENT */;
/*!40101 SET @OLD_CHARACTER_SET_RESULTS=@@CHARACTER_SET_RESULTS */;
/*!40101 SET @OLD_COLLATION_CONNECTION=@@COLLATION_CONNECTION */;
/*!40101 SET NAMES utf8 */;
/*!40014 SET @OLD_FOREIGN_KEY_CHECKS=@@FOREIGN_KEY_CHECKS, FOREIGN_KEY_CHECKS=0 */;
/*!40101 SET @OLD_SQL_MODE=@@SQL_MODE, SQL_MODE='NO_AUTO_VALUE_ON_ZERO' */;
/*!40111 SET @OLD_SQL_NOTES=@@SQL_NOTES, SQL_NOTES=0 */;


# Dump of table background
# ------------------------------------------------------------

DROP TABLE IF EXISTS `background`;

CREATE TABLE `background` (
  `id` int(11) unsigned NOT NULL AUTO_INCREMENT,
  `id_item` int(11) NOT NULL,
  `color0` varchar(16) NOT NULL DEFAULT '',
  `color1` varchar(16) NOT NULL DEFAULT '',
  `width` int(11) DEFAULT '300',
  `top` int(11) DEFAULT '300',
  PRIMARY KEY (`id`)
) ENGINE=InnoDB DEFAULT CHARSET=utf8;

LOCK TABLES `background` WRITE;
/*!40000 ALTER TABLE `background` DISABLE KEYS */;

INSERT INTO `background` (`id`, `id_item`, `color0`, `color1`, `width`, `top`)
VALUES
	(1,22,'#a16c3d','#fefbf0',300,420),
	(2,25,'#af070d','#f48e1f',200,380),
	(3,26,'#af070d','#f48e1f',250,380),
	(4,27,'#af070d','#f48e1f',280,360),
	(5,28,'#ebb33c','#f6e6b2',250,380),
	(6,29,'#ebb33c','#f6e6b2',250,380),
	(7,30,'#ebb33c','#f6e6b2',280,380),
	(8,31,'#f5bd2c','#f8f1b5',350,450),
	(9,32,'#f5bd2c','#f8f1b5',300,300),
	(10,33,'#cadb2b','#912615',350,450),
	(11,34,'#cadb2b','#912615',300,300),
	(12,35,'#cadb2b','#912615',400,440),
	(13,36,'#314980','#e2a519',250,380),
	(14,37,'#314980','#e2a519',300,300),
	(15,38,'#5d2822','#f7d884',250,360),
	(16,39,'#87210a','#feed9d',250,380),
	(17,40,'#8d4c5b','#fbd37a',260,380),
	(18,41,'#8d4c5b','#fbd37a',300,300),
	(19,42,'#d21521','#fcbf6f',230,380),
	(20,43,'#ef3131','#f2db08',250,360),
	(21,44,'#006b33','#e0a627',250,360),
	(22,45,'#006b33','#e0a627',300,300),
	(23,46,'#f4b63d','#ef8d29',250,380),
	(24,47,'#c71b1c','#f98125',250,380),
	(25,48,'#2238a2','#fca429',260,380),
	(26,49,'#2238a2','#fca429',280,360),
	(27,50,'#eeece0','#cd9836',330,480),
	(28,51,'#b0242f','#f8a130',300,400),
	(29,52,'#b0242f','#f8a130',330,400),
	(30,53,'#f74b2d','#d9e1d4',180,380),
	(31,54,'#35302f','#d0171b',180,380),
	(32,55,'#3f1a1e','#e6e7e9',180,380),
	(33,56,'#200d40','#ba6277',180,380),
	(34,57,'#261a1f','#647635',180,380),
	(35,58,'#c81823','#e5c9a3',330,450),
	(36,59,'#0d982e','#dccfa2',330,450),
	(37,60,'#fce01d','#001965',330,480),
	(38,61,'#fce01d','#001965',330,400),
	(39,62,'#272f89','#f7f6fb',330,450),
	(40,63,'#272f89','#f7f6fb',180,380),
	(41,64,'#dfe1e3','#1854bc',300,450),
	(42,65,'#dfe1e3','#1854bc',330,400),
	(43,66,'#37c5f7','#cfe096',250,400),
	(44,67,'#04d0f4','#280b77',330,450),
	(45,68,'#ebb985','#e7437f',330,450),
	(46,69,'#b81d42','#e7bfd9',250,390),
	(47,70,'#75c0e6','#016cb5',250,390),
	(48,71,'#eedf12','#e2031e',180,380),
	(49,72,'#4dc6f3','#fad899',300,480),
	(50,73,'#31329b','#dcab35',300,480),
	(51,74,'#31329b','#dcab35',380,450),
	(52,75,'#f1c451','#e54c05',300,450),
	(53,76,'#f1c451','#e54c05',250,450),
	(54,77,'#381c19','#f2cf97',300,490),
	(55,78,'#381c19','#f2cf97',150,380),
	(56,79,'#381c19','#f2cf97',270,360),
	(57,80,'#76a835','#eae60c',250,350),
	(58,81,'#bc1e20','#fab037',250,350),
	(59,82,'#f3ee01','#541404',250,350),
	(60,83,'#ede9aa','#391f12',300,480),
	(61,84,'#f4f3ee','#313679',250,380),
	(62,85,'#1b9667','#cfd38c',300,450),
	(63,86,'#1b9667','#cfd38c',300,420),
	(64,87,'#244bb0','#03e3fe',300,480),
	(65,88,'#26a9e4','#e43390',300,420),
	(66,89,'#419efd','#b3cdf4',300,420),
	(67,90,'#f9df28','#e98c33',300,400),
	(68,91,'#ea4608','#fad6bf',300,380),
	(69,92,'#351b17','#c11925',300,380),
	(70,93,'#8bbf21','#fbf42b',250,380),
	(71,94,'#9a5345','#fbec29',350,400),
	(72,95,'#f3bdd5','#eb2a2e',250,380),
	(73,96,'#6a2c77','#f8c0d9',250,380),
	(74,97,'#de6d27','#ffd9b2',300,410),
	(75,98,'#9c5829','#8fcbc1',300,420),
	(76,99,'#6370b5','#f3dca4',300,420),
	(77,100,'#e8232d','#fffbd5',300,400),
	(78,101,'#097843','#fdf1db',300,420),
	(79,102,'#ce2635','#fdf1db',300,420),
	(80,103,'#67656d','#e7e7ec',300,420),
	(81,104,'#fdda38','#e91e25',300,420),
	(82,105,'#20b7e7','#f5dd95',300,420),
	(83,106,'#ef889a','#fcf8ea',300,420),
	(84,107,'#93cff3','#fef3df',300,420),
	(85,108,'#e87e23','#f0e9cc',300,420),
	(86,109,'#f9ef8b','#f9ba2a',300,400),
	(87,110,'#f4ea2a','#9bc13a',300,400),
	(88,111,'#ee4337','#efe4ca',250,380),
	(89,112,'#00a550','#dbe01f',250,380),
	(90,113,'#69261d','#eb8f3a',250,380),
	(91,114,'#e21929','#f58125',250,380),
	(92,115,'#fccf00','#152d82',250,380),
	(93,116,'#ffae1b','#e74e15',250,380),
	(94,117,'#db160e','#f7bcaf',250,380),
	(95,118,'#ffeebe','#d38b2b',250,380),
	(96,119,'#fad558','#afa19a',250,380),
	(97,120,'#f9b400','#f8dc68',250,380),
	(98,121,'#8b170e','#eac351',250,380),
	(99,1,'#fb1707','#9ad602',350,500),
	(100,11,'#d71e77','#e2ca37',350,500),
	(101,12,'#7fdfcb','#f6dd41',350,500),
	(102,13,'#f0cfde','#9e0ab1',350,500),
	(103,14,'#e9d93a','#90c040',350,500),
	(104,15,'#fd1f2e','#f9a7a3',350,500),
	(105,16,'#e8e5fb','#6237b7',350,500),
	(106,18,'#9be52c','#eafca5',350,500),
	(107,19,'#ec2b98','#eee3ee',350,500),
	(108,20,'#bd7f3d','#cce3cd',300,420),
	(109,21,'#259dbf','#bddcc0',300,420),
	(110,122,'#5d3480','#c6a6ce',350,430),
	(111,123,'#f6c24a','#ede5f0',300,400),
	(112,124,'#e74132','#e2e1dd',300,400);

/*!40000 ALTER TABLE `background` ENABLE KEYS */;
UNLOCK TABLES;


# Dump of table combine
# ------------------------------------------------------------

DROP TABLE IF EXISTS `combine`;

CREATE TABLE `combine` (
  `id` int(11) unsigned NOT NULL AUTO_INCREMENT,
  `type` int(11) DEFAULT NULL,
  `title` varchar(256) CHARACTER SET utf8 DEFAULT NULL,
  `price` int(11) DEFAULT NULL,
  `combine` varchar(1024) CHARACTER SET utf8 DEFAULT NULL,
  PRIMARY KEY (`id`)
) ENGINE=InnoDB DEFAULT CHARSET=utf8mb4;

LOCK TABLES `combine` WRITE;
/*!40000 ALTER TABLE `combine` DISABLE KEYS */;

INSERT INTO `combine` (`id`, `type`, `title`, `price`, `combine`)
VALUES
	(1,0,'쵸코하임 284g x 2',7800,'{\"98\":2,\"99\":2,\"98,99\":1}'),
	(2,1,'꽃게랑 143g x 3',9000,'{\"91\":3,\"92\":3,\"93\":3}'),
	(3,0,'쿠크다스 288g x 2',6890,'{\"101\":2,\"102\":2,\"101,102\":1}'),
	(4,1,'빅파이 324g x 2',6240,'{\"100\":2}'),
	(5,1,'참크래커 280g x 2',5460,'{\"103\":2}'),
	(6,0,'뽀또 322g x 2',6500,'{\"104\":2,\"105\":2,\"104,105\":1}'),
	(7,0,'땅콩샌드 372g x 2',6240,'{\"94\":1}'),
	(8,0,'크라운산도 323g x 2',6240,'{\"106\":2,\"107\":2,\"106,107\":1}'),
	(9,1,'치즈샌드 240g x 2',5720,'{\"108\":2}'),
	(10,1,'그레이스 298g x 2',5850,'{\"90\":2}'),
	(11,1,'뽀로로와 친구들 65g x 5',4880,'{\"20\":5,\"21\":5,\"22\":5}'),
	(12,0,'참ing 360g x 2',6760,'{\"109\":2,\"110\":2,\"109,110\":1}'),
	(13,0,'참쌀 설병 270g, 참쌀 선과 253g',7020,'{\"111\":2,\"112\":2,\"111,112\":1}'),
	(14,0,'마이쮸 딸기복숭아 328g, 마이쮸 포도사과 328g',7150,'{\"95\":2,\"96\":2,\"95,96\":1}'),
	(15,1,'빅 카라멜콘 초코 150g x 3',5850,'{\"113\":3}'),
	(16,1,'못말리는 신짱 294g x 3',7020,'{\"114\":3}'),
	(17,1,'죠리퐁 198g x 3',7020,'{\"115\":3}'),
	(18,1,'카라멜콘 메이플 154g x 3',5850,'{\"116\":3}'),
	(19,1,'카라멜콘 땅콩 180g x 3',7020,'{\"117\":3}'),
	(20,1,'츄러스 174g x 3',5850,'{\"118\":3}'),
	(21,1,'콘칲 148g x 3',5850,'{\"119\":3}'),
	(22,1,'콘치 139g x 3',7020,'{\"120\":3}'),
	(23,1,'콘초 139g x 3',7020,'{\"121\":3}'),
	(24,1,'버터와플 316g x 2',7150,'{\"97\":2}');

/*!40000 ALTER TABLE `combine` ENABLE KEYS */;
UNLOCK TABLES;


# Dump of table item
# ------------------------------------------------------------

DROP TABLE IF EXISTS `item`;

CREATE TABLE `item` (
  `id` int(11) unsigned NOT NULL AUTO_INCREMENT,
  `name` varchar(64) NOT NULL DEFAULT '',
  `price` int(11) NOT NULL,
  `weight` int(11) NOT NULL,
  `company` varchar(255) NOT NULL DEFAULT '',
  `type` varchar(255) NOT NULL DEFAULT '',
  `wrap` varchar(255) NOT NULL DEFAULT '',
  `expired` varchar(255) NOT NULL DEFAULT '',
  `item_id` varchar(128) DEFAULT NULL,
  `callcenter` varchar(255) NOT NULL DEFAULT '',
  `maker` varchar(255) NOT NULL DEFAULT '',
  `seller` varchar(255) NOT NULL DEFAULT '',
  PRIMARY KEY (`id`)
) ENGINE=InnoDB DEFAULT CHARSET=utf8;

LOCK TABLES `item` WRITE;
/*!40000 ALTER TABLE `item` DISABLE KEYS */;

INSERT INTO `item` (`id`, `name`, `price`, `weight`, `company`, `type`, `wrap`, `expired`, `item_id`, `callcenter`, `maker`, `seller`)
VALUES
	(1,'새콤달콤 딸기',500,29,'(주)크라운','캔디류','식용왁스','측면표기일까지',NULL,'080-709-2580','(주)크라운제과/충북 진천군 이월면 진광로 709-126','(주)크라운제과/충북 진천군 이월면 진광로 709-126'),
	(11,'새콤달콤 복숭아',500,29,'(주)크라운','캔디류','식용왁스','측면표기일까지',NULL,'080-709-2580','(주)크라운제과/충북 진천군 이월면 진광로 709-126','(주)크라운제과/충북 진천군 이월면 진광로 709-126'),
	(12,'새콤달콤 레모네이드',500,29,'(주)크라운','캔디류','식용왁스','측면표기일까지',NULL,'080-709-2580','(주)크라운제과/충북 진천군 이월면 진광로 709-126','(주)크라운제과/충북 진천군 이월면 진광로 709-126'),
	(13,'새콤달콤 포도',500,29,'(주)크라운','캔디류','식용왁스','측면표기일까지',NULL,'080-709-2580','(주)크라운제과/충북 진천군 이월면 진광로 709-126','(주)크라운제과/충북 진천군 이월면 진광로 709-126'),
	(14,'새콤달콤 키위',500,29,'(주)크라운','캔디류','식용왁스','측면표기일까지',NULL,'080-709-2580','(주)크라운제과/충북 진천군 이월면 진광로 709-126','(주)크라운제과/충북 진천군 이월면 진광로 709-126'),
	(15,'마이쮸 딸기',700,44,'(주)크라운','캔디류','폴리에틸렌','후면표기일까지',NULL,'080-709-2580','(주)크라운제과/충북 진천군 이월면 진광로 709-126','(주)크라운제과/충북 진천군 이월면 진광로 709-126'),
	(16,'마이쮸 포도',700,44,'(주)크라운','캔디류','폴리에틸렌','후면표기일까지',NULL,'080-709-2580','(주)크라운제과/충북 진천군 이월면 진광로 709-126','(주)크라운제과/충북 진천군 이월면 진광로 709-126'),
	(18,'마이쮸 사과',700,44,'(주)크라운','캔디류','폴리에틸렌','후면표기일까지',NULL,'080-709-2580','(주)크라운제과/충북 진천군 이월면 진광로 709-126','(주)크라운제과/충북 진천군 이월면 진광로 709-126'),
	(19,'마이쮸 복숭아',700,44,'(주)크라운','캔디류','폴리에틸렌','후면표기일까지',NULL,'080-709-2580','(주)크라운제과/충북 진천군 이월면 진광로 709-126','(주)크라운제과/충북 진천군 이월면 진광로 709-126'),
	(20,'뽀로로와 친구들 치즈',1500,65,'(주)빙그레','과자(유처리제품)','폴리프로필렌','측면표기일까지','19960375066214','080-022-0056','상일식품(주)/경기도 여주시 삼교1길 16','(주)빙그레/경기 광주시 곤지암읍 독고개길 86번길 23'),
	(21,'뽀로로와 친구들 플레인',1500,65,'(주)빙그레','과자(유처리제품)','폴리프로필렌','측면표기일까지','19960375066213','080-022-0056','상일식품(주)/경기도 여주시 삼교1길 16','(주)빙그레/경기 광주시 곤지암읍 독고개길 86번길 23'),
	(22,'뽀로로와 친구들 카카오',1500,65,'(주)빙그레','과자(유처리제품)','폴리프로필렌','측면표기일까지','19960375066226','080-022-0056','상일식품(주)/경기도 여주시 삼교1길 16','(주)빙그레/경기 광주시 곤지암읍 독고개길 86번길 23'),
	(25,'맛동산',2000,90,'해태제과식품(주)','과자(유처리제품)','폴리에스테린','측면표기일까지',NULL,'080-233-6677','해태제과식품(주)/청주공장/충북청주시 흥덕구 공단로 48(복대동)','해태제과식품(주)/청주공장/충북청주시 흥덕구 공단로 48(복대동)'),
	(26,'맛동산',3000,165,'해태제과식품(주)','과자(유처리제품)','폴리에스테린','측면표기일까지',NULL,'080-233-6677','해태제과식품(주)/청주공장/충북청주시 흥덕구 공단로 48(복대동)','해태제과식품(주)/청주공장/충북청주시 흥덕구 공단로 48(복대동)'),
	(27,'맛동산',4800,300,'해태제과식품(주)','과자(유처리제품)','폴리에스테린','측면표기일까지',NULL,'080-233-6677','해태제과식품(주)/청주공장/충북청주시 흥덕구 공단로 48(복대동)','해태제과식품(주)/청주공장/충북청주시 흥덕구 공단로 48(복대동)'),
	(28,'허니버터칩',1500,60,'해태제과식품(주)','과자(유처리제품)','폴리에스테린','측면표기일까지',NULL,'080-233-6677','(주)해태가루비/강원도 원주시 문막읍 문막공단길154','해태제과식품(주)/서울특별시 용산구 한강대로 72길 3'),
	(29,'허니버터칩',3000,138,'해태제과식품(주)','과자(유처리제품)','폴리에스테린','측면표기일까지',NULL,'080-233-6677','(주)해태가루비/강원도 원주시 문막읍 문막공단길154','해태제과식품(주)/서울특별시 용산구 한강대로 72길 3'),
	(30,'허니버터칩 4번들',3800,152,'해태제과식품(주)','과자(유처리제품)','폴리에스테린','측면표기일까지',NULL,'080-233-6677','(주)해태가루비/강원도 원주시 문막읍 문막공단길154','해태제과식품(주)/서울특별시 용산구 한강대로 72길 3'),
	(31,'홈런볼 치즈크림',1500,46,'해태제과식품(주)','과자','폴리프로필렌(외포),폴리스티렌(용기)','측면표기일까지',NULL,'080-233-6677','해태제과식품(주)/경상북도 경산시 하양읍 대경로 541','해태제과식품(주)/서울특별시 용산구 한강대로 72길 3'),
	(32,'홈런볼 치즈크림',5600,184,'해태제과식품(주)','과자','폴리프로필렌(외포),폴리스티렌(용기)','측면표기일까지',NULL,'080-233-6677','해태제과식품(주)/경상북도 경산시 하양읍 대경로 541','해태제과식품(주)/서울특별시 용산구 한강대로 72길 3'),
	(33,'홈런볼 초코',1500,46,'해태제과식품(주)','초콜릿가공품','폴리프로필렌(외포),폴리스티렌(용기)','측면표기일까지',NULL,'080-233-6677','해태제과식품(주)/경상북도 경산시 하양읍 대경로 541','해태제과식품(주)/서울특별시 용산구 한강대로 72길 3'),
	(34,'홈런볼 초코',4500,146,'해태제과식품(주)','초콜릿가공품','폴리프로필렌(외포),폴리스티렌(용기)','측면표기일까지',NULL,'080-233-6677','해태제과식품(주)/경상북도 경산시 하양읍 대경로 541','해태제과식품(주)/서울특별시 용산구 한강대로 72길 3'),
	(35,'홈런볼 초코',5600,184,'해태제과식품(주)','초콜릿가공품','폴리프로필렌(외포),폴리스티렌(용기)','측면표기일까지',NULL,'080-233-6677','해태제과식품(주)/경상북도 경산시 하양읍 대경로 541','해태제과식품(주)/서울특별시 용산구 한강대로 72길 3'),
	(36,'빠삭한 새우칩',1500,60,'해태제과식품(주)','과자(유처리제품)','폴리에틸렌','후면표기일까지',NULL,'080-233-6677','해태제과식품(주)/충북 청주시 홍덕구 공단로 48','해태제과식품(주)/서울특별시 용산구 한강대로 72길 3'),
	(37,'빠삭한 새우칩',3000,120,'해태제과식품(주)','과자(유처리제품)','폴리에틸렌','후면표기일까지',NULL,'080-233-6677','해태제과식품(주)/충북 청주시 홍덕구 공단로 48','해태제과식품(주)/서울특별시 용산구 한강대로 72길 3'),
	(38,'빠삭한 새우칩 갈릭맛',1500,60,'해태제과식품(주)','과자(유처리제품)','폴리에틸렌','후면표기일까지',NULL,'080-233-6677','해태제과식품(주)/충북 청주시 홍덕구 공단로 48','해태제과식품(주)/서울특별시 용산구 한강대로 72길 3'),
	(39,'칸츄리콘 콘버터맛',1500,90,'해태제과식품(주)','과자(유탕처리제품)','폴리에틸렌','후면표기일까지',NULL,'080-233-6677','해태제과식품(주)/충북 청주시 홍덕구 공단로 48','해태제과식품(주)/서울특별시 용산구 한강대로 72길 3'),
	(40,'오사쯔',1500,60,'해태제과식품(주)','과자(유탕처리제품)','폴리에틸렌','측면표기일까지',NULL,'080-233-6677','해태제과식품(주)/충북 청주시 홍덕구 공단로 48','해태제과식품(주)/서울특별시 용산구 한강대로 72길 3'),
	(41,'오사쯔',3000,120,'해태제과식품(주)','과자(유탕처리제품)','폴리에틸렌','측면표기일까지',NULL,'080-233-6677','해태제과식품(주)/충북 청주시 홍덕구 공단로 48','해태제과식품(주)/서울특별시 용산구 한강대로 72길 3'),
	(42,'辛당동 떡볶이',3000,230,'해태제과식품(주)','과자(유탕처리제품)','폴리에틸렌','후면표기일까지',NULL,'080-233-6677','해태제과식품(주)/충북 청주시 홍덕구 공단로 48','해태제과식품(주)/서울특별시 용산구 한강대로 72길 3'),
	(43,'辛당동 떡볶이',1500,110,'해태제과식품(주)','과자(유탕처리제품)','폴리에틸렌','후면표기일까지',NULL,'080-233-6677','해태제과식품(주)/충북 청주시 홍덕구 공단로 48','해태제과식품(주)/서울특별시 용산구 한강대로 72길 3'),
	(44,'구운 양파',1500,70,'해태제과식품(주)','과자(유탕처리제품)','폴리에틸렌','후면표기일까지',NULL,'080-233-6677','해태제과식품(주)/충북 청주시 홍덕구 공단로 48','해태제과식품(주)/서울특별시 용산구 한강대로 72길 3'),
	(45,'구운 양파',3000,140,'해태제과식품(주)','과자(유탕처리제품)','폴리에틸렌','후면표기일까지',NULL,'080-233-6677','해태제과식품(주)/충북 청주시 홍덕구 공단로 48','해태제과식품(주)/서울특별시 용산구 한강대로 72길 3'),
	(46,'구운 인절미',3000,140,'해태제과식품(주)','과자(유처리제품)','폴리에틸렌','후면표기일까지',NULL,'080-233-6677','해태제과식품(주)/충북 청주시 홍덕구 공단로 48','해태제과식품(주)/서울특별시 용산구 한강대로 72길 3'),
	(47,'구운 오징어',1500,70,'해태제과식품(주)','과자(유탕처리제품)','폴리에틸렌','후면표기일까지',NULL,'080-233-6677','해태제과식품(주)/충북 청주시 홍덕구 공단로 48','해태제과식품(주)/서울특별시 용산구 한강대로 72길 3'),
	(48,'구운 오땅',1500,98,'해태제과식품(주)','과자(유처리제품)','폴리에틸렌','후면표기일까지',NULL,'080-233-6677','해태제과식품(주)/충북 청주시 홍덕구 공단로 48','해태제과식품(주)/서울특별시 용산구 한강대로 72길 3'),
	(49,'구운 오땅',3000,202,'해태제과식품(주)','과자(유처리제품)','폴리에틸렌','후면표기일까지',NULL,'080-233-6677','해태제과식품(주)/충북 청주시 홍덕구 공단로 48','해태제과식품(주)/서울특별시 용산구 한강대로 72길 3'),
	(50,'구운 감자슬림',1500,80,'해태제과식품(주)','과자(유처리제품)','폴리프로필렌','측면표기일까지',NULL,'080-233-6677','훼미리식품(주)/전라북도 전주시 덕진구 팔과정로 26','해태제과식품(주)/서울특별시 용산구 한강대로 72길 3'),
	(51,'오예스',6000,360,'해태제과식품(주)','초콜릿가공품','폴리프로필렌','측면표기일까지',NULL,'080-233-6677','해태제과식품(주)/대전광역시 대덕구 신일서로 67번길 57','해태제과식품(주)/서울특별시 용산구 한강대로 72길 3'),
	(52,'오예스',8000,480,'해태제과식품(주)','초콜릿가공품','폴리프로필렌','측면표기일까지',NULL,'080-233-6677','해태제과식품(주)/대전광역시 대덕구 신일서로 67번길 57','해태제과식품(주)/서울특별시 용산구 한강대로 72길 3'),
	(53,'포키 딸기',1500,41,'해태제과식품(주)','과자','폴리프로필렌','밑면표기일까지',NULL,'080-233-6677','해태제과식품(주)/충청남도 천안시 서북구 성거읍 천흥 8길 67-26','글리코해태(주)/서울특별시 용산구 한강대로 72길 3'),
	(54,'포키',1200,42,'해태제과식품(주)','초콜릿가공품','폴리프로필렌','밑면표기일까지',NULL,'080-233-6677','해태제과식품(주)/충청남도 천안시 서북구 성거읍 천흥 8길 67-26','글리코해태(주)/서울특별시 용산구 한강대로 72길 3'),
	(55,'포키 극세',1500,44,'해태제과식품(주)','초콜릿가공품','폴리프로필렌','밑면표기일까지',NULL,'080-233-6677','해태제과식품(주)/충청남도 천안시 서북구 성거읍 천흥 8길 67-26','글리코해태(주)/서울특별시 용산구 한강대로 72길 3'),
	(56,'포키 블루베리',1500,41,'해태제과식품(주)','과자','폴리프로필렌','밑표기일까지',NULL,'080-233-6677','해태제과식품(주)/충청남도 천안시 서북구 성거읍 천흥 8길 67-26','글리코해태(주)/서울특별시 용산구 한강대로 72길 3'),
	(57,'포키 녹차',1500,44,'해태제과식품(주)','과자','폴리프로필렌','밑표기일까지',NULL,'080-233-6677','해태제과식품(주)/충청남도 천안시 서북구 성거읍 천흥 8길 67-26','글리코해태(주)/서울특별시 용산구 한강대로 72길 3'),
	(58,'후렌치파이 딸기',3800,192,'해태제과식품(주)','과자','폴리프로필렌','주표시면표기일까지',NULL,'080-233-6677','해태제과식품(주)/경상북도 경산시 하양읍 대경로 541','해태제과식품(주)/서울특별시 용산구 한강대로 72길 3'),
	(59,'후렌치파이 사과',3800,192,'해태제과식품(주)','과자','폴리프로필렌','주표시면표기일까지',NULL,'080-233-6677','해태제과식품(주)/경상북도 경산시 하양읍 대경로 541','해태제과식품(주)/서울특별시 용산구 한강대로 72길 3'),
	(60,'버터링소프트',1500,86,'해태제과식품(주)','과자','폴리프로필렌(외포),폴리스티렌(용기)','측면표기일까지',NULL,'080-233-6677','훼미리식품(주)/전라북도 전주시 덕진구 팔과정로 26','해태제과식품(주)/서울특별시 용산구 한강대로 72길 3'),
	(61,'버터링소프트',4800,302,'해태제과식품(주)','과자','폴리프로필렌(외포),폴리스티렌(용기)','측면표기일까지',NULL,'080-233-6677','훼미리식품(주)/전라북도 전주시 덕진구 팔과정로 26','해태제과식품(주)/서울특별시 용산구 한강대로 72길 3'),
	(62,'롤리폴리 초코',4200,195,'해태제과식품(주)','초콜릿가공품','폴리프로필렌','측면표기일까지',NULL,'080-233-6677','해태제과식품(주)/충북 청주시 홍덕구 공단로 48','해태제과식품(주)/서울특별시 용산구 한강대로 72길 3'),
	(63,'롤리폴리 초코',1500,62,'해태제과식품(주)','초콜릿가공품','폴리프로필렌','측면표기일까지',NULL,'080-233-6677','해태제과식품(주)/충북 청주시 홍덕구 공단로 48','해태제과식품(주)/서울특별시 용산구 한강대로 72길 3'),
	(64,'아이비',2400,135,'해태제과식품(주)','과자(유처리제품)','폴리프로필렌','측면표기일까지',NULL,'080-233-6677','훼미리식품(주)/전라북도 전주시 덕진구 팔과정로 26','해태제과식품(주)/서울특별시 용산구 한강대로 72길 3'),
	(65,'아이비',4000,270,'해태제과식품(주)','과자(유처리제품)','폴리프로필렌','측면표기일까지',NULL,'080-233-6677','훼미리식품(주)/전라북도 전주시 덕진구 팔과정로 26','해태제과식품(주)/서울특별시 용산구 한강대로 72길 3'),
	(66,'얼초 집만들기',4000,166,'해태제과식품(주)','초콜릿가공품','폴리에틸렌','측면표기일까지',NULL,'080-233-6677','(주)예그린제과/경기도 화성시 장안면 석포공단길 30','해태제과식품(주)/서울특별시 용산구 한강대로 72길 3'),
	(67,'크림 웨하스',900,50,'해태제과식품(주)','과자','식용왁스','전면표기일까지',NULL,'080-233-6677','(주)두라푸드/경기도 양주시 백석음 권율로 1203번길 40-5','해태제과식품(주)/서울특별시 용산구 한강대로 72길 3'),
	(68,'딸기 웨하스',900,50,'해태제과식품(주)','과자','식용왁스','전면표기일까지',NULL,'080-233-6677','(주)두라푸드/경기도 양주시 백석음 권율로 1203번길 40-5','해태제과식품(주)/서울특별시 용산구 한강대로 72길 3'),
	(69,'딸기 미니 웨하스',1700,100,'해태제과식품(주)','과자','폴리프로필렌','측면표기일까지',NULL,'080-233-6677','(주)두라푸드/경기도 양주시 백석음 권율로 1203번길 40-5','해태제과식품(주)/서울특별시 용산구 한강대로 72길 3'),
	(70,'크림 미니 웨하스',1700,100,'해태제과식품(주)','과자','폴리프로필렌','측면표기일까지',NULL,'080-233-6677','(주)두라푸드/경기도 양주시 백석음 권율로 1203번길 40-5','해태제과식품(주)/서울특별시 용산구 한강대로 72길 3'),
	(71,'초코픽',1500,45,'해태제과식품(주)','과자(유처리제품)','폴리에틸렌','측면표기일까지',NULL,'080-233-6677','훼미리식품(주)/전라북도 전주시 덕진구 팔과정로 26','해태제과식품(주)/서울특별시 용산구 한강대로 72길 3'),
	(72,'초코틴틴',1800,88,'해태제과식품(주)','초콜릿가공품','폴리프로필렌','측면표기일까지',NULL,'080-233-6677','훼미리식품(주)/전라북도 전주시 덕진구 팔과정로 26','해태제과식품(주)/서울특별시 용산구 한강대로 72길 3'),
	(73,'에이스',1400,121,'해태제과식품(주)','과자(유처리제품)','폴리프로필렌','측면표기일까지',NULL,'080-233-6677','해태제과식품(주)/경상북도 경산시 하양읍 대경로 541','해태제과식품(주)/서울특별시 용산구 한강대로 72길 3'),
	(74,'에이스',2800,218,'해태제과식품(주)','과자(유처리제품)','폴리프로필렌','측면표기일까지',NULL,'080-233-6677','해태제과식품(주)/경상북도 경산시 하양읍 대경로 541','해태제과식품(주)/서울특별시 용산구 한강대로 72길 3'),
	(75,'계란과자 몰랑',1200,45,'해태제과식품(주)','과자','폴리에틸렌','측면표기일까지',NULL,'080-233-6677','훼미리식품(주)/부산 서하구 하산중앙로 140','해태제과식품(주)/서울특별시 용산구 한강대로 72길 3'),
	(76,'계란과자 몰랑',2000,70,'해태제과식품(주)','과자','폴리에틸렌','측면표기일까지',NULL,'080-233-6677','훼미리식품(주)/부산 서하구 하산중앙로 140','해태제과식품(주)/서울특별시 용산구 한강대로 72길 3'),
	(77,'연양갱',900,55,'해태제과식품(주)','캔디류','폴리에틸렌','측면표기일까지',NULL,'080-233-6677','(주)두라푸드/경기도 양주시 백석음 권율로 1203번길 40-5','해태제과식품(주)/서울특별시 용산구 한강대로 72길 3'),
	(78,'연양갱',1500,100,'해태제과식품(주)','캔디류','폴리에틸렌','측면표기일까지',NULL,'080-233-6677','(주)두라푸드/경기도 양주시 백석음 권율로 1203번길 40-5','해태제과식품(주)/서울특별시 용산구 한강대로 72길 3'),
	(79,'연양갱',7500,500,'해태제과식품(주)','캔디류','폴리에틸렌','측면표기일까지',NULL,'080-233-6677','(주)두라푸드/경기도 양주시 백석음 권율로 1203번길 40-5','해태제과식품(주)/서울특별시 용산구 한강대로 72길 3'),
	(80,'신쫄이 사과',600,27,'해태제과식품(주)','캔디류','폴리프로필렌','전면표기일까지',NULL,'080-233-6677','카루길식품/충청남도 금산국 추부면 추풍로 358','해태제과식품(주)/서울특별시 용산구 한강대로 72길 3'),
	(81,'신쫄이 딸기',600,27,'해태제과식품(주)','캔디류','폴리프로필렌','전면표기일까지',NULL,'080-233-6677','카루길식품/충청남도 금산국 추부면 추풍로 358','해태제과식품(주)/서울특별시 용산구 한강대로 72길 3'),
	(82,'신쫄이 레몬콜라맛',600,24,'해태제과식품(주)','캔디류','폴리프로필렌','전면표기일까지',NULL,'080-233-6677','카루길식품/충청남도 금산국 추부면 추풍로 358','해태제과식품(주)/서울특별시 용산구 한강대로 72길 3'),
	(83,'자유시간',1000,36,'해태제과식품(주)','초콜릿가공품','폴리에틸렌테레프탈레이트','후면표기일까지',NULL,'080-233-6677','해태제과식품㈜/충청남도 천안시 서북구 성거읍 천흥8길 67-26','해태제과식품(주)/서울특별시 용산구 한강대로 72길 3'),
	(84,'선키스트',1500,95,'해태제과식품(주)','캔디류','폴리프로필렌','후면표기일까지',NULL,'080-233-6677','해태제과식품㈜/광주광역시 북구 하서로 222','해태제과식품(주)/서울특별시 용산구 한강대로 72길 3'),
	(85,'자일리톨(리필)',5000,160,'해태제과식품(주)','추잉껌','폴리에틸렌','후면표기일까지',NULL,'080-233-6677','해태제과식품㈜/충청남도 천안시 서북구 성거읍 천흥8길 67-26','해태제과식품(주)/서울특별시 용산구 한강대로 72길 3'),
	(86,'자일리톨(용기)',6000,160,'해태제과식품(주)','추잉껌','폴리에틸렌','후면표기일까지',NULL,'080-233-6677','해태제과식품㈜/충청남도 천안시 서북구 성거읍 천흥8길 67-26','해태제과식품(주)/서울특별시 용산구 한강대로 72길 3'),
	(87,'붕붕붕 꼬마버스 타요',2500,140,'해태제과식품(주)','과자','폴리프로필렌','측면표기일까지',NULL,'080-233-6677','해태제과식품(주)/광주광역시 북구 하서로 222','해태제과식품(주)/서울특별시 용산구 한강대로 72길 3'),
	(88,'얼초 블록만들기',3000,39,'해태제과식품(주)','기타코코아가공품','폴리에틸렌프랄레이트(트레이),폴리에틸렌(튜브)','측면표기일까지',NULL,'080-233-6677','(주)예그린제과/경기도 화성시 장안면 석포공단길 30','해태제과식품(주)/서울특별시 용산구 한강대로 72길 3'),
	(89,'얼려먹는 초코만들기',2000,36,'해태제과식품(주)','초콜릿가공품','폴리에틸렌프랄레이트(트레이),폴리에틸렌(튜브)','후면표기일까지',NULL,'080-233-6677','(주)예그린제과/경기도 화성시 장안면 석포공단길 30','해태제과식품(주)/서울특별시 용산구 한강대로 72길 3'),
	(90,'그레이스',2925,298,'(주)크라운','과자','폴리프로필렌','측면표기일까지',NULL,'080-709-2580','(주)훼미리식품(주)/전북 전주시 덕진구 팔과정로 216','(주)크라운제과/서울시 용산구 한강대로 72길 3'),
	(91,'꽃게랑',1950,143,'(주)빙그레','과자(유처리제품)','폴리에틸렌','측면표기일까지',NULL,'080-022-0056','(주)빙그레/경기도 광주시 곤지암읍 독고개길 86번길 23','(주)크라운제과/서울시 용산구 한강대로 72길 3'),
	(92,'꽃게랑 불짬뽕',1950,143,'(주)빙그레','과자(유처리제품)','폴리에틸렌','측면표기일까지',NULL,'080-022-0056','(주)빙그레/경기도 광주시 곤지암읍 독고개길 86번길 23','(주)크라운제과/서울시 용산구 한강대로 72길 3'),
	(93,'꽃게랑 와사비',1950,143,'(주)빙그레','과자(유처리제품)','폴리에틸렌','측면표기일까지',NULL,'080-022-0056','(주)빙그레/경기도 광주시 곤지암읍 독고개길 86번길 23','(주)크라운제과/서울시 용산구 한강대로 72길 3'),
	(94,'땅콩샌드',3120,372,'(주)크라운','과자','폴리프로필렌','측면표기일까지',NULL,'080-709-2580','(주)크라운제과/대전광역시 대덕구 신일서로 67번길 57','(주)크라운제과/대전광역시 대덕구 신일서로 67번길 57'),
	(95,'마이쮸 딸기복숭아',3575,328,'(주)크라운','캔디류','폴리프로필렌','후면표기일까지',NULL,'080-709-2580','(주)크라운제과/충북 진천군 이월면 진광로 709-126','(주)크라운제과/충북 진천군 이월면 진광로 709-126'),
	(96,'마이쮸 포도사과',3575,328,'(주)크라운','캔디류','폴리에틸렌','후면표기일까지',NULL,'080-709-2580','(주)크라운제과/충북 진천군 이월면 진광로 709-126','(주)크라운제과/충북 진천군 이월면 진광로 709-126'),
	(97,'버터와플',3575,316,'(주)크라운','과자','폴리에틸렌','측면표기일까지',NULL,'080-709-2580','(주)크라운제과/대전광역시 대덕구 신일서로 67번길 57','(주)크라운제과/대전광역시 대덕구 신일서로 67번길 57'),
	(98,'쵸코하임',3900,284,'(주)크라운','과자','폴리에틸렌','측면표기일까지',NULL,'080-709-2580','(주)크라운제과/대전광역시 대덕구 신일서로 67번길 57','(주)크라운제과/대전광역시 대덕구 신일서로 67번길 57'),
	(99,'화이트하임',3900,284,'(주)크라운','과자','폴리에틸렌','측면표기일까지',NULL,'080-709-2580','(주)크라운제과/대전광역시 대덕구 신일서로 67번길 57','(주)크라운제과/대전광역시 대덕구 신일서로 67번길 57'),
	(100,'빅파이 딸기',3120,324,'(주)크라운','초콜릿가공품','폴리프로필렌','측면표기일까지',NULL,'080-709-2580','(주)크라운제과/대전광역시 대덕구 신일서로 67번길 57','(주)크라운제과/대전광역시 대덕구 신일서로 67번길 57'),
	(101,'쿠크다스 커피',3445,288,'(주)크라운','과자','폴리에틸렌','측면표기일까지',NULL,'080-709-2580','(주)크라운제과/대전광역시 대덕구 신일서로 67번길 57','(주)크라운제과/대전광역시 대덕구 신일서로 67번길 57'),
	(102,'쿠크다스 화이트',3445,288,'(주)크라운','과자','폴리에틸렌','측면표기일까지',NULL,'080-709-2580','(주)크라운제과/대전광역시 대덕구 신일서로 67번길 57','(주)크라운제과/대전광역시 대덕구 신일서로 67번길 57'),
	(103,'참크래커',2730,280,'(주)크라운','과자(유처리제품)','폴리프로필렌','측면표기일까지',NULL,'080-709-2580','(주)크라운제과/대전광역시 대덕구 신일서로 67번길 57','(주)크라운제과/대전광역시 대덕구 신일서로 67번길 57'),
	(104,'뽀또 치즈',3250,368,'(주)크라운','과자(유처리제품)','폴리에틸렌','측면표기일까지',NULL,'080-709-2580','(주)크라운제과/대전광역시 대덕구 신일서로 67번길 57','(주)크라운제과/대전광역시 대덕구 신일서로 67번길 57'),
	(105,'뽀또 밀크',3250,368,'(주)크라운','과자(유처리제품)','폴리프로필렌','측면표기일까지',NULL,'080-709-2580','(주)크라운제과/대전광역시 대덕구 신일서로 67번길 57','(주)크라운제과/대전광역시 대덕구 신일서로 67번길 57'),
	(106,'크라운산도 딸기',3120,323,'(주)크라운','과자(유처리제품)','폴리프로필렌','측면표기일까지',NULL,'080-709-2580','(주)크라운제과/대전광역시 대덕구 신일서로 67번길 57','(주)크라운제과/대전광역시 대덕구 신일서로 67번길 57'),
	(107,'크라운산도 밀크',3120,323,'(주)크라운','과자(유처리제품)','폴리프로필렌','측면표기일까지',NULL,'080-709-2580','(주)크라운제과/대전광역시 대덕구 신일서로 67번길 57','(주)크라운제과/대전광역시 대덕구 신일서로 67번길 57'),
	(108,'치즈샌드',2860,240,'(주)크라운','과자(유처리제품)','폴리프로필렌','측면표기일까지',NULL,'080-709-2580','(주)크라운제과/대전광역시 대덕구 신일서로 67번길 57','(주)크라운제과/대전광역시 대덕구 신일서로 67번길 57'),
	(109,'참ing 치즈크림',3380,360,'(주)크라운','과자(유처리제품)','폴리프로필렌','측면표기일까지',NULL,'080-709-2580','(주)크라운제과/대전광역시 대덕구 신일서로 67번길 57','(주)크라운제과/대전광역시 대덕구 신일서로 67번길 57'),
	(110,'참ing 치즈레몬향',3380,360,'(주)크라운','과자(유처리제품)','폴리프로필렌','측면표기일까지',NULL,'080-709-2580','(주)크라운제과/대전광역시 대덕구 신일서로 67번길 57','(주)크라운제과/대전광역시 대덕구 신일서로 67번길 57'),
	(111,'참쌀 설병',3510,270,'(주)크라운','과자(유처리제품)','폴리프로필렌','측면표기일까지',NULL,'080-709-2580','WANT WANT FOODS CO.,LTD/CHINA','(주)크라운제과/서울시 용산구 한강대로 72길 3'),
	(112,'참쌀 선과',3510,253,'(주)크라운','과자(유처리제품)','폴리프로필렌','측면표기일까지',NULL,'080-709-2580','WANT WANT FOODS CO.,LTD/CHINA','(주)크라운제과/서울시 용산구 한강대로 72길 3'),
	(113,'빅 카라멜콘 초코',1950,150,'(주)크라운','과자(유처리제품)','폴리에틸렌','측면표기일까지',NULL,'080-709-2580','(주)크라운제과/충청남도 아산시 배방읍 배방산길 42','(주)크라운제과/서울시 용산구 한강대로 72길 3'),
	(114,'못말리는 신짱',2340,294,'(주)크라운','과자(유탕처리제품)','폴리에틸렌','측면표기일까지',NULL,'080-709-2580','(주)크라운제과/충청남도 아산시 배방읍 배방산길 42','(주)크라운제과/충청남도 아산시 배방읍 배방산길 42'),
	(115,'죠리퐁',2340,198,'(주)크라운','과자(유처리제품)','폴리에틸렌','측면표기일까지',NULL,'080-709-2580','(주)크라운제과/충청남도 아산시 배방읍 배방산길 42','(주)크라운제과/충청남도 아산시 배방읍 배방산길 42'),
	(116,'카라멜콘 메이플',1950,154,'(주)크라운','과자(유처리제품)','폴리에틸렌','측면표기일까지',NULL,'080-709-2580','(주)크라운제과/충청남도 아산시 배방읍 배방산길 42','(주)크라운제과/충청남도 아산시 배방읍 배방산길 42'),
	(117,'카라멜콘 땅콩',2340,180,'(주)크라운','과자(유처리제품)','폴리에틸렌','측면표기일까지',NULL,'080-709-2580','(주)크라운제과/충청남도 아산시 배방읍 배방산길 42','(주)크라운제과/충청남도 아산시 배방읍 배방산길 42'),
	(118,'츄러스',1950,174,'(주)크라운','과자(유탕처리제품)','폴리에틸렌','측면표기일까지',NULL,'080-709-2580','(주)크라운제과/충청남도 아산시 배방읍 배방산길 42','(주)크라운제과/충청남도 아산시 배방읍 배방산길 42'),
	(119,'콘칲',1950,148,'(주)크라운','과자(유탕처리제품)','폴리에틸렌','측면표기일까지',NULL,'080-709-2580','(주)크라운제과/충청남도 아산시 배방읍 배방산길 42','(주)크라운제과/충청남도 아산시 배방읍 배방산길 42'),
	(120,'콘치',2340,139,'(주)크라운','과자(유처리제품)','폴리에틸렌','측면표기일까지',NULL,'080-709-2580','(주)크라운제과/충청남도 아산시 배방읍 배방산길 42','(주)크라운제과/충청남도 아산시 배방읍 배방산길 42'),
	(121,'콘초',2340,139,'(주)크라운','과자(유처리제품)','폴리에틸렌','측면표기일까지',NULL,'080-709-2580','(주)크라운제과/충청남도 아산시 배방읍 배방산길 42','(주)크라운제과/충청남도 아산시 배방읍 배방산길 42'),
	(122,'후렌치파이 그레이프',3000,192,'해태제과식품(주)','과자','폴리프로필렌','주표시면표기일까지',NULL,'080-233-6677','해태제과식품(주)/경상북도 경산시 하양읍 대경로 541','해태제과식품(주)/서울특별시 용산구 한강대로 72길 3'),
	(123,'칼로리바란스 치즈',1360,76,'해태제과식품(주)','체중조절용 조제식품','폴리프로필렌','밑면표기일까지',NULL,'080-233-6677','해태제과식품(주)/경상북도 경산시 하양읍 대경로 541','해태제과식품(주)/서울특별시 용산구 한강대로 72길 3'),
	(124,'칼로리바란스 과일',1360,76,'해태제과식품(주)','체중조절용 조제식품','폴리프로필렌','밑면표기일까지',NULL,'080-233-6677','해태제과식품(주)/경상북도 경산시 하양읍 대경로 541','해태제과식품(주)/서울특별시 용산구 한강대로 72길 3');

/*!40000 ALTER TABLE `item` ENABLE KEYS */;
UNLOCK TABLES;


# Dump of table material
# ------------------------------------------------------------

DROP TABLE IF EXISTS `material`;

CREATE TABLE `material` (
  `id` int(11) unsigned NOT NULL AUTO_INCREMENT,
  `id_item` int(11) NOT NULL,
  `material` varchar(1024) NOT NULL DEFAULT '',
  `material_s` varchar(1024) DEFAULT NULL,
  PRIMARY KEY (`id`)
) ENGINE=InnoDB DEFAULT CHARSET=utf8;

LOCK TABLES `material` WRITE;
/*!40000 ALTER TABLE `material` DISABLE KEYS */;

INSERT INTO `material` (`id`, `id_item`, `material`, `material_s`)
VALUES
	(1,1,'백설탕; 물엿; 이소말토올리고당; 폰단트(백설탕, 물엿); 식물성유지(팜핵경화유,레시틴(대두)); DL-사과산; 말티톨시럽; 젤라틴(돼지고기); 유화제; 합성착향료(딸기향); 딸기농축과즙(고형분함량 65%); 비타민C; 블랙커런트색소; 정제소금',NULL),
	(2,11,'백설탕; 물엿; 이소말토올리고당; 폰단트(백설탕,물엿); 식물성유지(팜핵경화유,레시틴(대두)); DL-사과산; 말티톨시럽; 젤라틴(돼지고기); 유화제; 합성착향료(복숭아향); 복숭아농축과즙(복숭아 고형분 함량 68%); 비타민C; 치자황색소; 정제소금; 자주색고구마색소; 이소말토올리고당21%; 말티롤시럽1.7%; 복숭아농축액1%(수입산:이스라엘); 합성착향료(복숭아향)',NULL),
	(3,12,'백설탕;물엿;이소말토올리고당;폰단트(백설탕,물엿);식물성유지(팜핵경화유,레시틴(대두));DL-사과산;말티롤시럽;젤라틴(돼지고기);유화제;합성착향료(레몬향);레몬농축과즙(고형분함량70%);비타민C;치자황색소;정제소금;이소말토올리고당21%;말티롤시럽1.7%;레몬과즙1%(이스라엘)',NULL),
	(4,13,'백설탕;물엿;이소말토올리고당;폰단트(백설탕,물엿);식물성유지(팜핵경화유,레시틴(대두));DL-사과산;말타톨시럽;젤라틴(돼지고기);유화제;합성착향료(포도향);포도농축과즙(고형분함량 65%);비타민C;엘더베리색소;정제소금',NULL),
	(5,14,'백설탕;물엿;이소말토올리고당;폰단트(백설탕,물엿);식물성유지(팜핵경화유,레시틴(대두));DL-사과산;말타톨시럽;젤라틴(돼지고기);유화제;합성착향료(키위향);키위농축과즙(고형분함량50%);치자청색소;홍화황색소;비타민C;정제소금;','이소말토올리고당21%;말티톱시럽17%;키위과즙(생물기준)1.1%'),
	(6,15,'백설탕; 물엿; 이소말토올리고당; 폰단트(백설탕; 물엿); 식물성유지(팜핵경화유; 레시틴(대두)); 젤라틴(돼지고기); 말티톨시럽; 구연산; 딸기농축과즙(고형분함량65%); 유화제; 혼합요구르트베이스(우유); 비타민C; 합성착향료(딸기향); 블랙커런트색소; 정제소금','딸기과즙6%(수입산:독일산,네덜란드산); 말티톨시럽1.7%; 비타민C 100mg/100g'),
	(7,16,'물엿;백설탕;자일리톨;폰단트(백설탕,물엿);식물성유지(팜핵경화유,레시틴(대두));아라비아검;젤라틴(돼지고기);말티톱시럽;구연산;포도농축과즙(고형분함량68%);밀크칼슘(우유);유화제;혼합요구르트베이스;합성착향료(포도향);비타민c;엘더베리색소;정제소금;피막제;비타민E','자일리톨18%;포도과즙4%(독일산);말티톱시럽1.3%'),
	(8,18,'물엿;백설탕;자일리톨;폰단트(백설탕,물엿);식물성유지(팜핵경화유,레시틴(대두));아라비아검;젤라틴(돼지고기);말티톱시럽;구연산;사과농축과즙(고형분함량72%);밀크칼슘(우유);유화제;혼합요구르트베이스;합성착향료(사과향);비타민c;그린칼라(치자청색소,홍화황색소);정제소금;피막제;비타민E','자일리톨18%;사과과즙4%(국산);말티톱시럽1.3%'),
	(9,19,'물엿;백설탕;자일리톨;폰단트(백설탕,물엿);식물성유지(팜핵경화유,레시틴(대두));아라비아검;젤라틴(돼지고기);말티톱시럽;구연산;복숭아농축과즙(복숭아고형분함량68%);밀크칼슘(우유);유화제;혼합요구르트베이스;합성확향료(복숭아향);비타민c;c치차황색소;비트레드색소;정제소금;피막제;자주색고구마색소;비타민E','자일리톨18%;복숭아과즙4%(이스라엘산);말티톱시럽1.3%'),
	(10,20,'소맥분(밀,미국/호주산); 백설탕; 쇼트닝[팜유(말레이시아산),팜올레인유(말레이시아산),d-토코페롤(혼합형)]; 혼합식용유[팜유(말레이시아산),채종유(호주산),야자유(외국산,인도네시아/필리핀/말레이시아산),d-토코페롤(혼합형)]; 치즈파우다(체다타입)4%(덴마크산,체다치즈분말94%); 키타가공품; 정제염; 탈지분유; 기타가공품(식용난각분); 산도조절제1; 산도조절제2; 당류가공품; 레시틴혼합제제[비타민프리믹스-와이(비타민C,드라이비타민E50% Type CWS/S,니코틴산아미드,\\n\n드라이비타민A아세테이트 Type 325CWS/A,비타민B6염산염,비타민B1염산염,비타민B2,엽산)]; 팜추출물; 영양강화제; 아밀라아제; 프로테아제1; 프로테아제2; 밀; 우유; 계란; 대두',NULL),
	(11,21,'소맥분(밀:미국/호주산);백설탕;쇼트닝[팜유(말레이시아산),팜올레인유(말레이시아산),d-토코페놀(혼합형)];혼합식용유[팜유(말레이시아산),채종유(호주산),야자유(외국산:인도네시아/필리핀/말레이시아산),d-토코페롤(혼합형)];카카오골드블랜드(국산)5.6%;당류가공품;옥수수전분;코코아분말1.5%(싱가포르산);탈지분유;기타가공품(식용난각분);정제염;산도조절제1;산도조절제2;혼합제제[비타민프리믹스-와이(비타민C,드라이비타민E50% Type CWS/S,니코틴산아미드,드라이비타민A아세테이트 Type 325 CWS/A,비타민B6염산염,비타민B1염산염;비타민B2엽산)];코코아매스0.1%(싱가포르산);아밀라아제;프로테아제1;프로테아제2;영양강화제;효소처리스테비아;밀;우유;계란;대두',NULL),
	(12,22,'소맥분(밀:미국/호주산);백설탕;기타가공품[뉴질랜드산,유지방,무지유고형분];혼합식용유[팜유(말레이시아산),채종유(호주산),야자유(외국산:인도네시아/필리핀/말레이시아산),d-토코페롤(혼합형)];쇼트닝;탈지분유;당류가공품;산도조절제1;산도조절제2;정제염;기타가공품(식용난각분);레시틴;혼합제제[비타민프리믹스-와이(비타민C,드라이비타민E50% Type CWS/S,니코틴산아미드,드라이비타민A아세테이스Type325CWS/A,비타민B6염산염,비타민B1염산염,비타민B2,엽산)];아밀라아제;프로테아제1;프로테아제2;영양강화제;밀;우유;계란;대두',NULL),
	(13,25,'밀가루{밀(미국산)}; 혼합식용유[옥배유{외국산(러시아,헝가리,세르비아 등)},고올레산해바라기유(아르헨티나산),올레오레진로즈매리,토코페롤(혼합형)]; 갈색설탕; 물엿; 견과류가공품; {땅콩(중국산)}; 볶음소맥분; 난빅액; D-소비톨; 밀키페이스트; 이스트; 기타가공품(가공탈지분)쇼트닝; 난황액; 정제소금; 산도조절제1; 곡류가공품; 효소제; 기타가공품(유산균); 산도조절제2; 밀; 대두; 땅콩; 계란; 우유',''),
	(14,26,'밀가루{밀(미국산)}; 혼합식용유[옥배유{외국산(러시아,헝가리,세르비아 등)},고올레산해바라기유(아르헨티나산),올레오레진로즈매리,토코페롤(혼합형)]; 갈색설탕; 물엿; 견과류가공품; {땅콩(중국산)}; 볶음소맥분; 난빅액; D-소비톨; 밀키페이스트; 이스트; 기타가공품(가공탈지분)쇼트닝; 난황액; 정제소금; 산도조절제1; 곡류가공품; 효소제; 기타가공품(유산균); 산도조절제2; 밀; 대두; 땅콩; 계란; 우유',''),
	(15,27,'밀가루{밀(미국산)}; 혼합식용유[옥배유{외국산(러시아,헝가리,세르비아 등)},고올레산해바라기유(아르헨티나산),올레오레진로즈매리,토코페롤(혼합형)]; 갈색설탕; 물엿; 견과류가공품; {땅콩(중국산)}; 볶음소맥분; 난빅액; D-소비톨; 밀키페이스트; 이스트; 기타가공품(가공탈지분)쇼트닝; 난황액; 정제소금; 산도조절제1; 곡류가공품; 효소제; 기타가공품(유산균); 산도조절제2; 밀; 대두; 땅콩; 계란; 우유',''),
	(16,28,'감자(호주산); 혼합식용유; [팜올레인유(말레이시아산),해바라기유{외국산(우크라이나,; 스페인,말레이시아 등)},토코페롤(혼합형)]; 복합조미식품[허니버터맛시즈닝{정제소금(국내산),탈지분유(미국산),버터혼합분말(가공버터(호주산)),아카시아꿀분말(아카시아꿀(국내산)),고메버터(프랑스산)}]; 우유; 대두; 밀; 굴',''),
	(17,29,'감자(호주산); 혼합식용유; [팜올레인유(말레이시아산),해바라기유{외국산(우크라이나,; 스페인,말레이시아 등)},토코페롤(혼합형)]; 복합조미식품[허니버터맛시즈닝{정제소금(국내산),탈지분유(미국산),버터혼합분말(가공버터(호주산)),아카시아꿀분말(아카시아꿀(국내산)),고메버터(프랑스산)}]; 우유; 대두; 밀; 굴',''),
	(18,30,'감자(호주산); 혼합식용유; [팜올레인유(말레이시아산),해바라기유{외국산(우크라이나,; 스페인,말레이시아 등)},토코페롤(혼합형)]; 복합조미식품[허니버터맛시즈닝{정제소금(국내산),탈지분유(미국산),버터혼합분말(가공버터(호주산)),아카시아꿀분말(아카시아꿀(국내산)),고메버터(프랑스산)}]; 우유; 대두; 밀; 굴',''),
	(19,31,'식물성크림[백설탕; 식물성유지(채종유/호주산,팜경화유/말레이시아); 백설탕; 유당(우유/프랑스산); 분말유크림; 혼합탈지분유; 크림치즈분말(덴마크산);밀크칼슘;합성착향료(치즈향);전란액(국산);마가린(팜유,팔레이시아산);정제수;우지(호주산);고올레산해바라기유;팜스테아린유;유화제;밀가루;난백액;찰옥수수알파전분;기타가공품;정제소금;유화제;산도조절제;합성착향료(바닐라향);비타민B2','크림치즈분말 2%'),
	(20,32,'식물성크림[백설탕; 식물성유지(채종유/호주산,팜경화유/말레이시아); 백설탕; 유당(우유/프랑스산); 분말유크림; 혼합탈지분유; 크림치즈분말(덴마크산);밀크칼슘;합성착향료(치즈향);전란액(국산);마가린(팜유,팔레이시아산);정제수;우지(호주산);고올레산해바라기유;팜스테아린유;유화제;밀가루;난백액;찰옥수수알파전분;기타가공품;정제소금;유화제;산도조절제;합성착향료(바닐라향);비타민B2','크림치즈분말 2%'),
	(21,33,'홈런볼초코[설탕,혼합식용유{채종유(호주산),가공유지(팜스테아린경화에스테르화유(말레이시아산),팜핵경화에스테르화유(말레이시아산))},혼합분유(네덜란드산),코코아분말,땅콩버터]; 전란액(국산); 마가린(팜유(말레이시아산)); 정제수; 우지(호주산); 해바라기유; 팜스테아린유; 유화제; 밀가루; 난백액; 찰옥수수알파전분; 기타가공품; 정제소금; 유화제; 산도조절제; 합성향료(바닐라향); 비타민B2; 우유; 땅콩; 계란; 밀; 쇠고기; 대두','코코아분말4%'),
	(22,34,'홈런볼초코[설탕,혼합식용유{채종유(호주산),가공유지(팜스테아린경화에스테르화유(말레이시아산),팜핵경화에스테르화유(말레이시아산))},혼합분유(네덜란드산),코코아분말,땅콩버터]; 전란액(국산); 마가린(팜유(말레이시아산)); 정제수; 우지(호주산); 해바라기유; 팜스테아린유; 유화제; 밀가루; 난백액; 찰옥수수알파전분; 기타가공품; 정제소금; 유화제; 산도조절제; 합성향료(바닐라향); 비타민B2; 우유; 땅콩; 계란; 밀; 쇠고기; 대두','코코아분말4%'),
	(23,35,'홈런볼초코[설탕,혼합식용유{채종유(호주산),가공유지(팜스테아린경화에스테르화유(말레이시아산),팜핵경화에스테르화유(말레이시아산))},혼합분유(네덜란드산),코코아분말,땅콩버터]; 전란액(국산); 마가린(팜유(말레이시아산)); 정제수; 우지(호주산); 해바라기유; 팜스테아린유; 유화제; 밀가루; 난백액; 찰옥수수알파전분; 기타가공품; 정제소금; 유화제; 산도조절제; 합성향료(바닐라향); 비타민B2; 우유; 땅콩; 계란; 밀; 쇠고기; 대두','코코아분말4%'),
	(24,36,'밀가루{밀(미국산)}; 혼합식용유[팜올레인유(말레이시아산),해바라기유{외국산(우크라이나; 스페인; 말레이시아 등)},토코페롤(혼합형)]; 새우(캐나다산); 전분; 복합조미식품[구운새우맛씨즈닝{새우(국내산; 캐나다산)}]증숙감자; 감자분말; 백설탕; 혼합제제(병성전분,말토텍스트린); 체다치즈분말(네덜란드산); 새우분말{새우(국내산)}; 정제소금; 산도조절제1; 향미증진제; 산도조절제2; 팽창제; 산도조절제3,우유; 대두; 새우; 오징어; 게; 밀; 쇠고기',''),
	(25,37,'밀가루{밀(미국산)}; 혼합식용유[팜올레인유(말레이시아산),해바라기유{외국산(우크라이나; 스페인; 말레이시아 등)},토코페롤(혼합형)]; 새우(캐나다산); 전분; 복합조미식품[구운새우맛씨즈닝{새우(국내산; 캐나다산)}]증숙감자; 감자분말; 백설탕; 혼합제제(병성전분,말토텍스트린); 체다치즈분말(네덜란드산); 새우분말{새우(국내산)}; 정제소금; 산도조절제1; 향미증진제; 산도조절제2; 팽창제; 산도조절제3,우유; 대두; 새우; 오징어; 게; 밀; 쇠고기',''),
	(26,38,'밀가루(미국산); 혼합식용유{팜올레인유(말레이시아산); 해바라기유(외국산(우크라이나,스페인; 말레이시아둥)}; 토코페률(혼합형); 새우(캐나다산); 전분; 복합조미식풍(갈릭맛씨즈닝(마늘빵맛믹스(마늘분말(마늘(국내산)); 마늘농축액(프랑스산); 미립당; 새우엑기스 분말(새우(국내산)); 크림버터혼합분말; 마요네즈풍미분말; 중숙감자; 감자분말; 백설탕; 변성전분; 말토덱스트린; 체다치즈분말(네덜란드산); 새우분말(새우(국내산)); 정제소금; 산도조절제1; 산도조절계2; 향미중진제; 팽창계; 산도조절제3',''),
	(27,39,'옥수수가루[외국산(호주,러시아,브라질)]; 혼합식용유[팜올레인유(말레이시아산),해바라기유(외국산(우크라이나,스페인,말레이시아)),톸페롤(혼합형)]; 전분(베트남산); 복합조미식품[콘버터시즈닝(콘버터맛베이스,미립당,코화방지분당,유청분말,정제염분말)]; 밀가루; 백설탕; 정제소금; 산도조절제; 말티톨시럽0.37; 마아가린; 치자황색소; 팽창제; 향미증진제; 밀; 우유; 대두',''),
	(28,40,'오사쯔파스타(중국산); [밀가루(호주산100%밀),서류가공품(증숙고구마),기타전분(옥수수전분), 서류가공품(고구마분말),백설탕,정제소금,치자황색소,탄산칼슘)]; 혼합식용유[팜올레인유(말레이시아산)59.98%,해바라기유(수입산)40%,토코페롤(혼합형)]; 복합조미식품[고구마맛시즈닝-1(분말설탕,정제소금,밀크칼슘(우유),합성착향료(고구마향),옥수수기름,이산화규소,치자황색소)]; 아쟈유; 합성착향료(고무마향)     고구마시즈닝7%; 고구마20%(중국산); 밀크칼슘0.04%','고구마시즈닝7%; 고구마20%(중국산); 밀크칼슘0.04%'),
	(29,41,'오사쯔파스타(중국산); [밀가루(호주산100%밀),서류가공품(증숙고구마),기타전분(옥수수전분), 서류가공품(고구마분말),백설탕,정제소금,치자황색소,탄산칼슘)]; 혼합식용유[팜올레인유(말레이시아산)59.98%,해바라기유(수입산)40%,토코페롤(혼합형)]; 복합조미식품[고구마맛시즈닝-1(분말설탕,정제소금,밀크칼슘(우유),합성착향료(고구마향),옥수수기름,이산화규소,치자황색소)]; 아쟈유; 합성착향료(고무마향)     고구마시즈닝7%; 고구마20%(중국산); 밀크칼슘0.04%','고구마시즈닝7%; 고구마20%(중국산); 밀크칼슘0.04%'),
	(30,42,'밀가루(미국산,밀); 갈색설탕; 혼합식용유[팜올레인유(말레이시아산)59.98%,해바라기유(외국산(우크라이나,스페인,말레이시아등)}40%),토코페롤(혼합형)]울엿; 기타가공품[떡볶이맛시즈닝(분말,결정포도당,떡볶이맛베이스(해바라기씨유(외국산),백설탕,떡볶이분말,정제소금)]; 쌀가루; 고추장; 분말; 결정포도당; 정제소금; 파프리카추출색소; 산도조절제; 천연향신료(파슬리후레이크); 합성착향료(크렉카향,훈연향); 향미증진제','떡볶이맛시즈닝 5%;'),
	(31,43,'밀가루(미국산,밀); 갈색설탕; 혼합식용유[팜올레인유(말레이시아산)59.98%,해바라기유(외국산(우크라이나,스페인,말레이시아등)}40%),토코페롤(혼합형)]울엿; 기타가공품[떡볶이맛시즈닝(분말,결정포도당,떡볶이맛베이스(해바라기씨유(외국산),백설탕,떡볶이분말,정제소금)]; 쌀가루; 고추장; 분말; 결정포도당; 정제소금; 파프리카추출색소; 산도조절제; 천연향신료(파슬리후레이크); 합성착향료(크렉카향,훈연향); 향미증진제','떡볶이맛시즈닝 5%;'),
	(32,44,'옥수수가루(수입산); 혼합식용유[팜올레인유(말레이시아산)59.98%,해바라기유(수입산)40%,토코페롤(혼합형)]; 수수(미국산); 향미유[양파향오일(대두유,양파오일,비타민E)]; 복합조미식품[양파맛씨즈닝(미립당,양파향베이스(우유),양파분말(국내산),정제염,분말간장(대두)}(밀)]; 기타가공품(양파맛파우더); 양파분말(국내산); 탄산칼슘; 합성착향료(구운양파향,양파향)',''),
	(33,45,'옥수수가루(수입산); 혼합식용유[팜올레인유(말레이시아산)59.98%,해바라기유(수입산)40%,토코페롤(혼합형)]; 수수(미국산); 향미유[양파향오일(대두유,양파오일,비타민E)]; 복합조미식품[양파맛씨즈닝(미립당,양파향베이스(우유),양파분말(국내산),정제염,분말간장(대두)}(밀)]; 기타가공품(양파맛파우더); 양파분말(국내산); 탄산칼슘; 합성착향료(구운양파향,양파향)',''),
	(34,46,'쌀그릿츠(백미100%국내산); 혼합식용유[팜올레인유(말레이시아산)59.98%,해바라기유(수입산)40%,토코페롤(혼합형)]; 복합조미식품[인절미맛시즈닝{콩고물(대두:중국산),고화방지분당(밀),백설탕,이산화규소,정제염}]; 옥수수가루; 변성전분; 탄산칼슘','쌀그릿츠(국내산)34.95%; 인절미맛시즈닝23.08%'),
	(35,47,'​옥수수가루(수입산); 혼합식용유[팜올레인유(말레이시아산)59.98%,해바라기유(수입산)40%,토코페롤(혼합형)]; 복합조미식품[매콤오징언맛시즈닝(미립당,결정포도당,분말간장,오징어분말티케이,조제양파분말)(오징어,국내산)]; 쌀가루; 향미유(양파향오일); 오징어엑기스분말(오징어; 국내산); 동결건조오징어​(오징어,페루산); 수수(미국산); 탄산칼슘','오징어11%'),
	(36,48,'맛땅콩{땅콩(중국산),밀가루(미국산); 물엿}; 전분가공품(이탈리아산); 정백당; 밀가루; 생미분(국산); 식물성유지; 야자유; 팜유; d-토코페롤(혼합형); 물엿; 산도조절제; 조미오징어채{오징어(페루산),설탕,식염}; 새우분말(국산); 식염; 안나토색소; 향미증진제; 밀; 대두; 땅콩; 오징어; 새우','땅콩30%; 오징어채1%'),
	(37,49,'맛땅콩{땅콩(중국산),밀가루(미국산); 물엿}; 전분가공품(이탈리아산); 정백당; 밀가루; 생미분(국산); 식물성유지; 야자유; 팜유; d-토코페롤(혼합형); 물엿; 산도조절제; 조미오징어채{오징어(페루산),설탕,식염}; 새우분말(국산); 식염; 안나토색소; 향미증진제; 밀; 대두; 땅콩; 오징어; 새우','땅콩30%; 오징어채1%'),
	(38,50,'밀가루(미국산); 밀가루2(미국산); 백설탕; 서류가공품1(증숙감자,국산); 쇼트닝; 혼합식용유; 전분가공품; 복합조미식품1[바베큐맛베이스(감자맛분말-1(감자추출물(감자전분,국산),합성향료(감자형)))]; 혼합제제[합성향료(감자향),유당,정제포도당,바닐린,감자전분(국산),에탈말톨]; 서류가공품2(감자분말,덴마크산); 소금1; 복합조미식품2; 산도조절제; 소금2; 유화제; 영양강화제; 혼합제제2(효모추출물,프로테아제,순무씨유,덱스트린); 효소제; 향미유; 카로틴; 밀; 쇠고기; 우유; 대두',''),
	(39,51,'오예스[백설탕, 가공유지(말레이시아산), 혼합분유((전지분유, 코코아분말), 수입산), 코코아분말1, 코코아분말2]; 밀가루(미국산); 전란액; 백설탕; 물엿; 식물성크림; 쇼트닝1; 분말; 결정포도당; 쇼트닝2(경화유); 마가린; D-소르비톨액; 곡류가공품; 혼합식용유; 소맥전분; 혼합제제1(산도조절제,유화제,합성착향료(레몬향)); 혼합제제2(유화제,글리세린); 경성가공치즈; 연성가공치즈; 정제소금; 구아검; 베이킹파우더(산도조절제,글루코노-락톤,전분); 정제소금; 소맥전분; 구아검; 산도조절제',''),
	(40,52,'오예스[백설탕, 가공유지(말레이시아산), 혼합분유((전지분유, 코코아분말), 수입산), 코코아분말1, 코코아분말2]; 밀가루(미국산); 전란액; 백설탕; 물엿; 식물성크림; 쇼트닝1; 분말; 결정포도당; 쇼트닝2(경화유); 마가린; D-소르비톨액; 곡류가공품; 혼합식용유; 소맥전분; 혼합제제1(산도조절제,유화제,합성착향료(레몬향)); 혼합제제2(유화제,글리세린); 경성가공치즈; 연성가공치즈; 정제소금; 구아검; 베이킹파우더(산도조절제,글루코노-락톤,전분); 정제소금; 소맥전분; 구아검; 산도조절제',''),
	(41,53,'식물성크림[식물성유지(말레이시아산),백설탕,유당(프랑스산),전지분유,유화제(대두)]; 밀가루(밀,호주산50%,미국산25%); 백설탕; 과채가공품1(딸기,칠레산); 과채가공품2(딸기,칠레산); 식물성유지(경화유); 전지분유(우유); 쇼트닝; 기타가공품; 전분가공품; 정제소금; 생이스트; 버터; 합성착향료(바닐라향1,딸기향1,딸기향2,딸기향3); 산도조절제; 효소제; 안나토색소식물성크림[식물성유지(말레이시아산),백설탕,유당(프랑스산),전지분유,유화제(대두)]; 밀가루(밀,호주산50%,미국산25%); 백설탕; 과채가공품1(딸기,칠레산); 과채가공품2(딸기,칠레산); 식물성유지(경화유); 전지분유(우유); 쇼트닝; 기타가공품; 전분가공품; 정제소금; 생이스트; 버터; 합성착향료(바닐라향1,딸기향1,딸기향2,딸기향3); 산도조절제; 효소제; 안나토색소','딸기20%'),
	(42,54,'밀가루(밀,호주산50%,미국산25%); 백설탕; 코코아매스(네덜란드산); 가공유지; 전지분유(우유); 쇼트닝; 기타가공품; 전분가공품; 코코아버터; 정제소금; 유화제(대두); 생이스트; 버터; 합성착향료(바닐라향1,바닐라향2,바닐라향3,초콜릿향1,초콜릿향2); 산도조절제; 효소제; 안나토색소; 밀; 우유; 대두','코코아원료18%'),
	(43,55,'밀가루(밀,호주산50%,미국산25%); 백설탕; 코코아매스(네덜란드산); 가공유지; 전지분유(우유); 쇼트닝; 코코아버터; 정제소금; 유화제(대두); 생이스트; 버터; 합성착향료(바닐라향1,바닐라향2,바닐라향3,초콜릿향1,초콜릿향2); 산도조절제; 효소제; 안나토색소; 밀; 대두; 우유','코코아원료19.5%'),
	(44,56,'식물성크림[식물성유지(말레이시아산),백설탕,유당(프랑스산),전지분유,유화제(대두)]; 밀가루(밀,호주산25%); 백설탕; 과채가공품1(블루베리,미국산); 식물성유지(경화유); 쇼트닝; 과채가공품2(블루베리,미국산); 전지분유(우유); 기타가공품; 전분가공품; 정제소금; 생이스트; 버터; 합성착향료(블루베리향,바닐라향); 산도조절제; 효소제; 안나토색소','블루베리:13%'),
	(45,57,'식물성크림[식물성유지(말레이시아산),백설탕,유당(프랑스산),전지분유,화제]; 밀가루(호주산50%,미국산25%); 백설탕; 고형차(녹차,국내산); 쇼트닝; 식물성유지(경화유); 전지분유; 기타가공품; 전분가공품; 경성가공치즈; 정제소금; 생이스트; 버터; 합성착향료(밀차향,밀크향,바닐라향); 산도조절제; 효소제; 안나토색소; 밀; 대두; 우유',''),
	(46,58,'가루(밀,미국산); 마가린[가공유지(팜유류말레이시아산,야자경화유인도네시아산),팜유류말레이시아산,대두유(대두),가공버터(우유)]; 백설탕; 물엿; 곡류가공품분말; 결정포도당; 가당딸기(딸기(국산),백설탕,비타민C); 가당사과(사과(국산),백설탕,펙틴,비타민C); 마가린; 혼합식용유; 쇼트닝; 정제소금; 펙틴; 아미드펙틴; 로커스트콩검; 산탄검; 유화제; 합성착향료(딸기향); 산도조절제; 혼합제제(혼합제제1(베리류 색소),혼합제제2(코치닐추출색소,적양배추색소); 코치닐추출색소; 적양배추색소',''),
	(47,59,'밀가루(미국산,밀); 마가린[가공유지(팜유류말레이시아산,야자경화유인도네시아산),팜유류말레이시아산,대두유(대두),가공버터(우유)]; 가당사과(사과(국산),백설탕,펙틴,비타민C); 백설탕; 물엿; 곡류가공품; 마가린(경화유); 정제소금; 혼합식용유; 유화제; 쇼트닝(경화유); 펙틴; 아미드펙틴; 산탄검; 로커스트콩검; 합성착향료(사과향); 산도조절제','사과함량4.7%'),
	(48,60,'밀가루(밀,미국산); 쇼트닝[식물성유지(팜올레인유(말레이시아산),팜스테아린유(말레이시아산),야자경화유(경화유)),우지(호주산)]; 백설탕; 전란액(계란); 가공버터(경화유); 마가린(우유,경화유,대두); 경성가공치즈; 기타가공품; 당류가공품; 유화제; 팽창제; 정제소금; 합성착향료(밀크량,버터향,아몬드향); 밀; 계란; 우유; 대두',''),
	(49,61,'밀가루(밀,미국산); 쇼트닝[식물성유지(팜올레인유(말레이시아산),팜스테아린유(말레이시아산),야자경화유(경화유)),우지(호주산)]; 백설탕; 전란액(계란); 가공버터(경화유); 마가린(우유,경화유,대두); 경성가공치즈; 기타가공품; 당류가공품; 유화제; 팽창제; 정제소금; 합성착향료(밀크량,버터향,아몬드향); 밀; 계란; 우유; 대두',''),
	(50,62,'준초콜릿[백설탕,가공유지[식물성유지(팜핵경화에스테르화유(말레이시아산)팜핵에스테르화유(말레이시아산))],조제전지분유1(우유.벨기에산),조제탈지분유,조제전지분유2,코코아분말]; 밀가루(밀,미국산); 백설탕; 분말; 결정포도당; 당류가공품; 땅콩버터(땅콩); 코코아분말; 두류가공품; 전란분(계란); 정제소금; 유화제(대두)합성착향료(바닐라향); 코코아원료3%; 밀; 우유; 땅콩; 대두; 계란','코코아원료3%'),
	(51,63,'준초콜릿[백설탕,가공유지[식물성유지(팜핵경화에스테르화유(말레이시아산)팜핵에스테르화유(말레이시아산))],조제전지분유1(우유.벨기에산),조제탈지분유,조제전지분유2,코코아분말]; 밀가루(밀,미국산); 백설탕; 분말; 결정포도당; 당류가공품; 땅콩버터(땅콩); 코코아분말; 두류가공품; 전란분(계란); 정제소금; 유화제(대두)합성착향료(바닐라향); 코코아원료3%; 밀; 우유; 땅콩; 대두; 계란','코코아원료3%'),
	(52,64,'밀가루1(밀,미국산); 밀가루2(밀,미국산); 쇼트닝(가공유지(경화유)); 혼합식용유; 이스트; 곡류가공품; 효소제; 영양강화제; 산도조절제; 재제소금',''),
	(53,65,'밀가루1(밀,미국산); 밀가루2(밀,미국산); 쇼트닝(가공유지(경화유)); 혼합식용유; 이스트; 곡류가공품; 효소제; 영양강화제; 산도조절제; 재제소금',''),
	(54,66,'에이스=밀가루(밀,미국산); 쇼트닝[식물성유지(팜유,말레이시아산),가공유지(에스테르화유:팜올레인유-말레이시아산,팜유-말레이시아산)]; 혼합식용유; 백설탕; 곡류가공품분말; 결정포도당; 기타가공품; 전지분유(우유); 정제소금; 재제소금; 분말유크림; 팽창제; 합성착향료(밀크향); 비타민B1; 비타민B2; 혼합제제(효모; 효소제; 밀가루); 효소제/쿠키앤크림 화이트 미니=준초콜릿(백설탕,식물성가공유지(말레이시아산),혼합분유(탈지분유,유청분말,유청농축단백,네덜란드산),코코아버터,유당,분말유크림1.7%,유화제,정제소금,합성향료(바날린,밀크크림향)); 과자(쿠키)18%(밀가루(미국산,호주산),분당,쇼트닝(말레이시아산),코코아파우더,전지분유)/밀크튜브(준초콜릿)=백설탕; 식물성유지(팜올레인유,말레이시아산); 유청분말(원유,국산); 식물성유지2(말레이시아산,팜핵경하유(팜핵유,소르비탄지방산에스테르,레시틴,구연산)); 코코아분말,유당,유청단백,유화제,바날린/핑크튜브(기타가공품)=백설탕; 식물성유지1(팜올레인유,말레이시아산); 유청분말(원유,국산); 식물성유지2(말레이시아산,팜핵경화유(팜핵유,소르비탄지방산에스테르,레시틴,구연산)); 유당; 유청단백; 유화제; 브트레드; 합성향료(딸기향,바날린)',''),
	(55,67,'밀가루(미국산); 쇼트닝[가공유지{팜올레인유(말레이시아산),팜유(말렝이시아산)},채종유(호주산)]; 기타설탕(백설탕,전분); 분말·결정포도당; 유청단백분말; 조제분(우유); 전란분(계란); 분말유크림; 정제소금; 산도조절제; 바닐린; 유화제대두); 합성착향료(크림향,레몬향,바나나향)','분말유크림 0.24%'),
	(56,68,'밀가루(미국산); 식물성유지[부분경화유:팜올레인유(말레이시아산),팜핵경화유(말레이시아산),팜스테아린유,야자유,대두유,유화제,올레오레진로즈메리]; 백설탕; 분말결정포도당; 유청분말(폴란드산); 유당; 살균전란액; 유청단백분말; 딸기분말(국내산)0.51%; 탄산수소나트륨; 탄산수소암모늄; 밀글루텐; 정제소금; 합성착향료(딸기향,바닐라향분말,밀크향); 당밀시럽; 비타민C; 코치닐추출색소; 밀; 계란; 우유; 대두',''),
	(57,69,'밀가루(밀,미국산); 쇼트닝[가공유지(팜올레인유(말레이시아산),팜유(말레이시아산),채종유(호주산)]; 기타설탕(백설탕,전분분말); 결정포도당; 유청단백분말(우유); 딸기분말(국산); 전라분(계란); 정제소금; 산도조절제; 천연색소(코치닐추출색소); 유화제(대두); 합성착향료(딸기향)','딸기5%'),
	(58,70,'밀가루(밀,미국산); 쇼트닝[가공유지(팜올레인유(말레이시아산),팜유(말레이시아산),채종유(호주산)]; 기타설탕(백설탕,전분분말); 결정포도당; 유청단백분말(우유); 딸기분말(국산); 전라분(계란); 정제소금; 산도조절제; 바날린; 유화제(대두); 합성착향료(크림향,레몬향,바나나향)',''),
	(59,71,'밀가루(밀,미국산); 준초콜릿[백설탕,식물성유지1(태국산,대두),혼합분유(네덜란드산,우유)코코아분말,식물성유지2]; 캔디류(기타설탕,분말,결정포도당,아라비아검,합성착향료(딸기향),치자청색소,코치닐추출색소); 혼합식용유; 백설탕; 곡류가공품; 쇼트닝; 가공버터; 밀키페이스트; 볶음참깨; 경성가공치즈; 정제소금; 가공탈지분; 합성착향료(밀크향); 산도조절제; B-카로틴; 비타민B2; 효소제1; 효소제2','코코아원료3%'),
	(60,72,'준초콜릿[백설탕,가공유지(팜핵경화에스테르화유(말레이시아산),팜핵에스테르화유(말레이시아산),팜경화에스테르화유,팜스테아린에스테르화유),글리세린지방산에스테르),혼합분유(네덜란드산),코코아분말,코코아매스,유화제(대두)]; 밀가루(밀,미국산); 쇼트닝1; 기타설탕(백설탕,소맥전분); 전란(계란); 난백액; 백설탕; 마가린(경화유); 쇼트닝2; 기타가공품(우유); 정제소금; 유화제; 팽창제; 합성착향료(밀크향)','코코아원료6.5%'),
	(61,73,'밀가루(밀,미국산); 쇼트닝(식물성유지,말레이시아산,가공유지,(팜올레인유,말레이시아산,팜유,말레이시아산)); 혼합식용유; 백설탕; 곡류가공품; 분말; 결정포도당; 기타가공품(조제분); 전지분유(우유); 정제소금; 재제소금; 분말유크림; 팽창제; 합성착향료(밀크향); 비타민B1; 비타민B2; 혼합제제(효모,효소제,밀가루); 효소제','우리밀통밀3%'),
	(62,74,'밀가루(밀,미국산); 쇼트닝(식물성유지,말레이시아산,가공유지,(팜올레인유,말레이시아산,팜유,말레이시아산)); 혼합식용유; 백설탕; 곡류가공품; 분말; 결정포도당; 기타가공품(조제분); 전지분유(우유); 정제소금; 재제소금; 분말유크림; 팽창제; 합성착향료(밀크향); 비타민B1; 비타민B2; 혼합제제(효모,효소제,밀가루); 효소제','우리밀통밀3%'),
	(63,75,'밀가루(미국산); 백설탕; 전란액(국산); 쇼트닝; 전분; 곡류가공품; 밀키페이스트; 난백액; 가공버터(경화유); 혼합제제(타우린,난각분말,L-카르니틴); 당류가공품; 과·채가공품; 정제소금; 유화제; 팽창제; 합성착향료(밀크향; 레몬향; 바닐린); 비타민B1; 비타민B2; 비타민B6; 밀; 계란; 대두','계란 14%'),
	(64,76,'밀가루(미국산); 백설탕; 전란액(국산); 쇼트닝; 전분; 곡류가공품; 밀키페이스트; 난백액; 가공버터(경화유); 혼합제제(타우린,난각분말,L-카르니틴); 당류가공품; 과·채가공품; 정제소금; 유화제; 팽창제; 합성착향료(밀크향; 레몬향; 바닐린); 비타민B1; 비타민B2; 비타민B6; 밀; 계란; 대두','계란 14%'),
	(65,77,'팥앙금(팥:중국산); 갈색설탕; 물엿; 포도당; 한천(국산); 타우린',''),
	(66,78,'팥앙금(팥:중국산); 갈색설탕; 물엿; 포도당; 한천(국산); 타우린',''),
	(67,79,'팥앙금(팥:중국산); 갈색설탕; 물엿; 포도당; 한천(국산); 타우린',''),
	(68,80,'물엿; 고화방지분당(백설탕,전분); 밀가루; 백설탕; 식물성유지(경화유); 찰옥수수전분; 합성향료(딸기향); 산도조절제1; 혼합제제1(구연산; 팜유); 혼합제제2(사과산,팜유); 젤라틴; 글리세린; 딸기농축액(고형분함량65%)0.15%; 유화제; 홍국색소; 산도조절제2 밀; 돼지고기','사과과즙농축액(고형분함량70%)0.15%'),
	(69,81,'물엿; 고화방지분당(백설탕,전분); 밀가루; 백설탕; 식물성유지(경화유); 찰옥수수전분; 합성향료(딸기향); 산도조절제1; 혼합제제1(구연산,팜유); 혼합제제2(사과산,팜유); 젤라틴; 글리세린; 딸기농축액(고형분함량65%)0.15%; 유화제; 홍국색소; 산도조절제2 밀; 돼지고기',''),
	(70,82,'물엿; 고화방지분당(백설탕,전분); 밀가루; 백설탕; 식물성유지(경화유); 찰옥수수전분; 합성향료(딸기향); 산도조절제1; 혼합제제1(구연산,팜유); 혼합제제2(사과산,팜유); 젤라틴; 글리세린; 딸기농축액(고형분함량65%)0.15%; 유화제; 홍국색소; 산도조절제2 밀; 돼지고기',''),
	(71,83,'물엿; 밀크초콜릿[싱가포르산,백설탕,코코아버터,전지분유(우유),코코아매스,유화제(대두)]; 견과류가공품[땅콩(중국산),백설탕,물엿,식물성유지(말레이시아산),유화제]; 백설탕; 식물성크림; 밀키페이스트; 유당; 야자경화유; 액상과당; 분말유크림; 당시럽류; 혼합분유; 난백분; 전분가공품; 정제소금; 기타설탕; 유화제; 구연산; 합성착향료(연유향,버터향); 코코아원료8%; 땅콩18% 밀; 돼지고기','코코아원료2%; 땅콩15%'),
	(72,84,'레몬 : 이소말토올리고당; 백설탕; 말티톨시럽18%; 레몬농축과즙2.4%(고형분함량40%,레몬과즙14%); D-소르비톨액1.3%; 구연산; 식물성유지(경화유); 합성착향료(레몬향); 유화제; 녹차추출물(고형분함량50%); 오렌지 : 이소말토올리고당; 백설탕; 말티톨시럽18%; 오렌지농축과즙2%; (고형분함량63%,오렌지과즙14%); D-소르비톨액1.9%; 구연산; 식물성유지(경화유); 합성착향료(오렌지향); 유화제; 녹차추출물(고형분함량50%); 포도 : 이소말토올리고당; 백설탕; 말티톨시럽18%; 포도농축과즙2.3%(고형분함량70%,포도과즙14%); 사과산; 합성착향료(포도향); 식물성유지(경화유; D-소르비톨액0.2%; 글리세린; 구연산; 포도과피추출색소; 유화제; 녹차추출물(고형분함량50%); 대두',''),
	(73,85,'자일리톨60%; 껌베이스[토코페롤(혼합형)}; 소비톨16%; 말티톨시럽1%; 젤라틴; 아라비아검; 합성향료(애플민트향,멘톨향); 유화제; 사과농축액0.1%(고형분함량68%); 피막제; 스피룰리나색소; 홍화황색소; 감미료(수크랄로스,아세설팜칼륨); 돼지고기',''),
	(74,86,'자일리톨60%; 껌베이스[토코페롤(혼합형)}; 소비톨16%; 말티톨시럽1%; 젤라틴; 아라비아검; 합성향료(애플민트향,멘톨향); 유화제; 사과농축액0.1%(고형분함량68%); 피막제; 스피룰리나색소; 홍화황색소; 감미료(수크랄로스,아세설팜칼륨); 돼지고기',''),
	(75,87,'밀가루(미국산); 백설탕; 쇼트닝[식물성유지(팜올레인유(말레 이시아산),팜스테아린유(말레이시아산)),우지(호주산)]; 전란액(국산); 마가린(부분경화유); 전지분유; 저지방가공유; 물엿; 난각분말; 경성가공치즈; 정제소금; 팽창제; 비타민C; 합성착향료(밀크향); 유화제; 환원철; 혼합제제(비타민A에스테르,디엘알파토코페롤,피너츠오일); 비타민B2; 비타민B1염산염,밀; 쇠고기; 계란; 대두; 우유; 땅콩','저지방가공유1%'),
	(76,88,'밀크튜브(기타코코아가공품)=설탕; 가공유지(말레이시아산,팜핵경화유); 유청(국산,원유); 식물성유지(말레이시아산,팜올레인유); 코코아분말; 유당; 유청단백분말; 유화제바날린/  화이트튜브(기타가공품)=설탕; 가공유지(말레이시아산,팜핵경화유); 유청(국산,원유),식물성유지(말레이시아산,팜올레인유); 유당; 유청단백분말; 유화제; 합성향료(바닐라향); 바날린/  핑크튜브(기타가공품)=설탕; 가공유지(말레이시아산,팜핵경화유); 유청(국산,원유); 식물성유지(말레이시아산,팜올레인유); 유당; 유청단백분말; 유화제; 비트레드; 합성향료(딸기향); 바날린/  우유; 대두',''),
	(77,89,'얼초비스킷=밀가루(밀:미국산,호주산); 백설탕; 식물성유지(말레이시아산); 옥수수전분; (옥수수:러시아산); 가공전지분; 정제포도당; 산도조절제; 정제염; 합성착 향료(바닐린); 효소제/  밀크튜브(준초콜릿)=백설탕; 식물성유지1(팜올레인유:말레이시아산,유청분말(원유:국산); 식물성유지2{말레이시아산:팜핵경화유(팜핵유,소르비탄지방산에스테르, 레시틴,구연산)}; 코코아분말; 유당; 유청단백; 레시틴; 유화제; 합성착향료(바닐린)/  핑크튜브(기타가공품)=백설탕; 식물성유지1(팜올레인유:말레이시아산); 유청분말(원유:국산); 식물성유지2{말레이시아산:팜핵경화유(팜핵유,소르비탄지방산에스테르,레시틴,구연산)}; 유당; 유청단백; 유화제비트레드; 합성착향료; (딸기향,바닐린) /  화이트튜브(기 타가공품)=백설탕; 식물성유지1(팜올레인유:말레이시아산); 유청분말(원유:국산); 식물성유지2{말레이시아산:팜해경화유(팜핵유,소르비탄지방산에스테르,레시틴,구연산)}; 유당; 유청단백; 유화제; 합성착향료(바닐라향; 바닐린)/ 우유; 밀; 대두','코코아원료1.5%'),
	(78,90,'소맥분(밀,미국산); 갈색설탕; 쇼트닝[팜올레인유(말레이시아산),팜스테아린유(말레이시아산)]; 땅콩페이스트(땅콩); 백설탕; 전란액(계란); 산도조절제; 정제소금; 모노팔스(유화제,솔비톨,프로필렌글리콜,백설탕); 비타민E','땅콩함량 11.2%'),
	(79,91,'밀가루(밀,미국산); 혼합식용유[팜올레인유(말레이시아산)59.98%,해바라기유(수입산)40%,d-토코페롤(혼합형)]; 옥수수전분; 명태엑기스A; 핫씨즈닝; 백설탕; 꽃게엑기스A[1.05%함유(꽃게6.5%상당:국산)]; 활성글루텐; 치자황색소; 정제소금; 새우엑기스A; 제삼인산칼슘; 글리신; 건마늘분말; 합성착향료(게향); 정제어유분말; 밀; 대두; 토마토; 우유; 쇠고기; 닭고기; 게; 새우',''),
	(80,92,'밀가루(밀:미국산); 혼합식용유[팜올레인유(말레이시아산)59.98%,해바라기유(수입산)40%,d-토코패롤(혼합형)]; 옥수수전분; 불짬뽕씨즈닝; 조미베이스분말; 백설탕; 명태엑기스A; 꽃게엑기스A[0.14%함유(꽃게0.9%상당:국산)]; 새우엑기스A; 오징어엑기스A; 활성글루텐; 혼합제제(파프리카추출색소,홍국색소); 제삼인산칼슘; 정제소금; 건마늘분말; 글리신; 치자황색소; 밀; 대두; 우유; 게; 돼지고기; 토마토; 쇠고기; 새우; 오징어',''),
	(81,93,'밀가루(밀:미국산); 혼합식용유[팜올레인유(말레이시아산)59.98%,해바라기유(수입산)40%,d-토코패롤(혼합형)]; 옥수수전분; 와사비씨즈닝분말[4.6%함유(꽃게6.2%상당:국산)]; 새우엑기스A; 활성글루텐; 혼합제제(홍화황색소,치자청색소); 정제소금; 건마늘분말; L-글루타민산나트륨(향미증진제); 합성착향료(게향); 밀; 대두; 게; 새우',''),
	(82,94,'소맥분(밀(미국산)); 쇼트닝1(식물성부분경화유(팜올레인유(말레이시아산)),가공유지(팜스테아린유(말레이시아산))); 땅콩분말(땅콩(중국산)); 쇼트닝2(식물성부분경화유); 갈색설탕; 백설탕; 기타설탕; 덱스트린; 분말결정포도당; 전란액; 가공유장분; 땅콩분태(땅콩(중국산)); 땅콩버터1(땅콩(중국산)); 땅콩버터2(땅콩(아르헨티나산)); 산도조절제; 물엿; 유청분말; 정제소금; 유화제; 합성향료(땅콩향; 바닐린); 비타민E; 땅콩 9.9%; 밀; 대두; 우유; 계란; 땅콩',''),
	(83,95,'마이쮸딸기=백설탕; 물엿; 이소말토올리고당; 폰단트(백설탕,물엿); 식물성유지(팜핵경화유,레시틴(대두)); 젤라틴(돼지고기); 말티톨시럽; 구연산; 딸기농축과증(고형분함량65%); 유화제; 혼합유구르트베이스(우유); 비타민C; 합성착향로(딸기향); 블랙커런트색소; 정제소금/ 마이쮸복숭아=백설탕; 물엿; 이소말토올리고당; 폰단트(백설탕,물엿); 식물성유지(팜핵경화유,레시틴(대두)); 젤라틴(돼지고기); 말티톨시럽; 복숭아농축과즙(복숭아,고형분함량68%); 구연산; 유화제; 혼합요구르트베이스(우유); DL-사과산; 합성착향로(복숭아향); 비타민C; 치자황색소; 정제소금; 자주색고구마색소',''),
	(84,96,'마이쮸 포도=백설탕; 물엿; 이소말토올리고당; 폰단트(백설탕,물엿); 식물성유지(팜핵경화유,레시틴(대두)); 젤라틴(돼지고기); 말티톨시럽; 포도농축과증(고형분함량65%); 구연산; 유화제; 비타민C; 합성착향로(포도향); 엘더베리색소; 정제소금/ 마이쮸 사과=백설탕; 물엿; 이소말토올리고당; 폰단트(백설탕,물엿); 식물성유지(팜핵경화유,레시틴(대두)); 젤라틴(돼지고기); 말티톨시럽; 사과농축과증(고형분함량72%); 구연산; 유화제; 혼합요구르트베이스(우유); 비타민C; 합성착향료(사과향); 치자황색소; 정제소금',''),
	(85,97,'소맥분(밀:미국산); 백설탕; 가공버터[네덜란드산:유지방,코코넛오일,무지유고형분,정제소금]; 전란액(국산); 혼합분유; 유화제; 정제소금; 생크림레진; 산도조절제; 생강레진; 올레오레진로즈메리; 합성착향료(버터향); 밀; 대두; 우유; 계란',''),
	(86,98,'소맥분(밀:미국산); 팜유(싱가포르산); 백설탕; 혼합분유(네덜라드산:탈지분유,유청분말); 유당; 유청분말; 고지방분말(유크림,유당,가공유지,카제인나트륨,제이인산칼륨); 헤즐너트페이스트; 식물성유지1; 기타코코아가공품(영국산); 프락토올리고당; 이소말트2.73%; 대두분; 코코아분말(싱가포르산); 쇼트닝(부분경화유); 코카아매스(싱가포르산); 옥배유; 유화제; 산도조절제; 덱스트린; 식물성유지2; 정제소금; 구아검; 합성착향료(헤즐너트향); 효소제; 밀; 대두; 우유','코코아가공품 3.11%(코코아분말 1.98%,코코아매스 1.13%); 헤즐너트 4.03%'),
	(87,99,'소맥분(밀:미국산); 팜유(싱가포르산); 백설탕; 혼합분유(네덜라드산:탈지분유,유청분말); 유당; 유청분말; 고지방분말(유크림,유당,가공유지,카제인타트륨,제이인산칼륨); 헤즐너트페이스트; 탈지밀; 식물성유지1; 프락토올리고당; 대두분; 이소말트2.73%; 쇼트닝(부분경화유); 옥배유; 유화제; 덱스트린; 식물성유지2; 산도조절제; 정제소금; 구아검; 합성착향료(헤즐너트향); 효소제; 밀; 대두; 우유','유크림3.36%; 헤즐너트 3.65%'),
	(88,100,'소맥분(밀; 미국산); 딸기잼(물엿; 백설탕; 액상과당; 딸기(국산); 딸기농축액(국산)); 백설탕; 가공유지; 쇼트닝(부분경화유); 혼합분유(우유); 코코아분말; 비비분말; 산도조절제; 곡류가공품; 코코아패스; 정제소금; 유당; 물엿; 레시틴(대두); 유화제; 합성착향료(밀크향; 바닐라향; 크림밀크향; 바닐린); 효소제','딸기잼23%(딸기(국산)2%,딸기농축액(국산)0.9%); 코코아가공품2.5%(코코아분말2.1%,코코아매스0.4%)'),
	(89,101,'소맥분(미국산); 백설탕; 쇼트닝(가공유지(팜에스테르화유(말레이시아산),팜핵에스테르화유(말레이시아산),부뷴경화유),식물성유지(팜올레인유(말레이시아산),고올레산해바라기유(수입산))); 난백액; 식물성유지1; 혼합분유; 유당; 가공버터; 식물성유지2; 데코초콜릿; 코코넛프리믹스; 스낵베이스분말; 혼합제제(소르비톨맥,대두유,정제수,유화제,밀납); 혼합식용류(팜유50%,야자유50%); 헤젤넛트페이스트; 유화제; 커피분말(콜롬비아산); 마스카포네치즈분말; 정제소금; 산도조절제; 합성착향료(코코넛향,비엔나바닐라향,비엔나커피향); 밀; 대두; 계란; 우유',''),
	(90,102,'소맥분(미국산); 백설탕; 쇼트닝(가공유지(팜에스테르화유(말레이시아산),팜핵에스테르화유(말레이시아산),부뷴경화유),식물성유지(팜올레인유(말레이시아산),고올레산해바라기유(수입산))); 난백액; 식물성유지1; 유당; 혼합분유; 가공버터; 식물성유지2; 테코초콜릿; 코코넛프리믹스; 스낵베이스분말; 혼합제제(소르비톨맥,대두유,정제수,유화제,밀납); 혼합식용류(팜유50%,야자유50%); 유화제; 마스카포네치즈분말; 밀크크림; 정제소금; 산도조절제; 합성착향료(바닐라향; 바닐린; 코코넛향); 밀; 대두; 계란; 우유',''),
	(91,103,'소맥분(미국산); 쇼트닝1(동물성유지(호주산),식물성유지(말레이시아산)); 쇼트닝2(동물성유지(호주산)); 혼합식용유(팜유 50%,야자유 50%); 우유; 천일염(국산); 혼합분유; 기타엿; 산도조절제; 효모; 재제소금; 곡류가공품; 합성착향료(크래커향,그래함향); 영양강화제; 효소제; 밀; 대두; 우유; 쇠고기',''),
	(92,104,'소맥분(밀,미국산); 쇼트닝1(식물성부분경화유(팜올레인유(말레이시아산)),가공유지(팜스테아린유(말레이시아산))); 쇼트닝2(가공유지(팜핵경화에스테르화유(말레이시아산)),식물성유지(말레이시아산)); 혼합식용유(팜유 50%,야자유 50%); 백설탕; 기타설탕; 혼합분유; 텍스트린; 분말결정 포도당; 가공전지분; 탈지밀; 액상과당; 체다치즈분말(네덜란드산); 카라멜소스; 산도조절제; 변성전분; 곡류가공품; 크림치즈분말(크림지즈(미국산)); 정제소금; 유청분말; 가공유정분; 재제소금; 전린분; 협성착향료(버터향,치즈케익향,치즈향); 혼합제재(해조칼슘,비타민C,분말비타민E,분말비타민A,비타민B1 질산염,비타민B6 염산염,비타민B2); 효소제; 파프리카추출색소; 밀; 대두; 우유; 계란',''),
	(93,105,'쇼트닝1(식물성부분경화유(팜올레인유(말레이시아산)),가공유지(팜스테아린유(말레이시아산))); 쇼트닝2(가공유지(팜핵경화에스테르화유(말레이시아산)),식물성유지(말레이시아산)); 혼합분유(네덜란드산); 혼합식용유(팜유 50%,야자유 50%); 기타설탕; 백설탕; 분말 결정포도당; 가공유장분(농축유청액(국산),유청분말(미국,프랑스,체코)); 가공전지분(유청분말(핀란드산),유당(미국산),유크림(호주산),탈지혼합분유(네덜란드산),카제인나트륨); 액상과당; 덱스트린; 카라멜소스(칠레산); 산도조절제; 변성전분; 곡류가공품; 정제소금; 유청분말(폴란드산); 재제소금; 합성착향료(버터향,바닐라크림향,밀크향); 혼합제제(해조칼슘,비타민C,분말비타민E,분말비타민A,비타민B1 질산염,비타민B6 염산염,비타민B2); 효소제; 바닐라추출물 0.006%(프랑스산,고형분함량 8.8%); 밀; 대두; 우유',''),
	(94,106,'소맥분(밀; 미국산); 화이트크림(백설탕,가공유지(말레이시아산),탈지분유(수입산),유청분말,유화제); 백설탕; 쇼트닝1(식물성부분경화유); 분말결정포도당; 쇼트닝2; 혼합식용유(팜유 50%,야자유 50%); 전란액(계란); 텍스트린; 가공전지분(우유); 물엿; 산도조절제; 딸기분말(국산); 정제소금; 유화제(대두); 크림치즈분말(덴마크산); 혼합제제1(유화제,주정,과당,정제수); 혼합제제2(효모,효소제,소맥분); 합성착향료(딸기치즈케익향,밀크향,딸기향,바닐린); 효소제','white; 딸기분말 0.6%; 크림치즈분말 0.1%'),
	(95,107,'소맥분(밀,미국산); 화이트크림(백설탕,가공유지(말레이시아산),탈지분유(수입산),유청분말(수입산),유당(미국산),유화제); 백설탕; 쇼트닝1(식물성부분경화유); 분말결정포도당; 쇼트닝2; 가공유장분(우유,농축유청액(국산),유청분말(수입산)); 혼합식용유(팜유 50%,야자유 50%); 전란액(계란); 가공전지분(유청분말(핀란드산),유당(미국산),유크림(호주산),탈지혼합분유(네덜란드산),카제인나트륨(수입산)); 밀크맛분말((유크림(국산)),혼합탈지분유(네덜란드산),유청분말(프랑스산),유당(미국산),카제인나트륨(프랑스산)); 물엿; 탈지밀(가공유정분(농축유청액(국산)),유당(미국산)); 혼합분유(네덜란드산); 텍스트린; 정제소금; 산도조절제; 유화제(대두); 혼합제제1(유화제,주정,과당,정제수); 혼합제제2(효모,효소제,소맥분); 합성착향료(밀크향,그릭요거트향,바닐린); 마스카포네치즈분말; 효소제','마스카포네치즈분말(호주산)0.02%'),
	(96,108,'소맥분(밀; 미국산); 쇼트닝1(식물성부분경화유(팜올레인유(말레이시아산),팜스테아린유(말레이시아산)),가공유지(팜스테린아린유(말레이시아산),아자유(수입산))); 쇼트닝2(대두,식물성부분경화유); 덱스트린; 백설탕; 치즈혼합분말(우유,자연지즈(미국산)); 분말결정포도당; 혼합식용유(팜유 50%,아자유 50%); 산도조절제; 기타설탕; 가공유장분; 가공전지분; 정제소금; 까망베르치즈분말(덴마크산); 치즈맛페이스트(크리미체다분말(프랑스산)); 효소제; 합성착향류(밀크향,치즈향); DL-메티오닌; 까망베르치즈분말 0.1%; 자연치즈 0.2%',''),
	(97,109,'소맥분(밀); 식물성경화유(코코넛유,팜유); 백설탕; 팜유; 코코넛유; 말토덱스트린; 분말·결정포도당; 유청분말(우유)2.5%; 식물성유지; 치즈분말1.5%[합성착향료(치즈향),파프리카추출색소]; 정제소금; 전지분유1%; 탈지분유0.8%; 합성팽창제(탄산수소나트륨,제일인산칼슘); 효모; 옥수수전분; 맥아추출물; 레시틴(대두); 무수유지방 0.04%; 천연버터향; 물엿; 심황색소',''),
	(98,110,'소맥분(밀); 식물성경화유(코코넛유,팜유); 백설탕; 말토덱스트린; 팜유; 코코넛유; 분말·결정포도당; 식물성유지; 치즈분말1.5%[합성착향료(치즈향), 파프리카추출색소]; 정제소금; 전지분유(우유); 유청분말; 합성팽창제(탄산수소나트륨,제일인산칼슘); 옥수수전분; 효모; 맥아추출물; 산도조절제; 레시틴(대두); 물엿; 레몬오일 0.017%; 천연레몬향; 심황색소; 치자청색소',''),
	(99,111,'쌀; 백설탕; 팜유; 찹쌀가루; 감자전분; 정제소금; 젤라틴; 혼합제제(식물성유지,유화제,올레오레진로즈메리,차추출물,식용주정,구연산); 향미증진제',''),
	(100,112,'쌀; 팜유; 백설탕; 분말결정포도당; 찹쌀가루; 간장분말; 감자전분; 정제소금; 혼합제제(식물성유지,유화제,올레오레진로즈메리,차추출물,식용주정,구연산); 향미증진제',''),
	(101,113,'옥분(옥수수:호주산); 혼합식용유[팜올레인유(말레이시아산)59.98%,해바라기유{외국산(우크라이나,말레이시아,스페인)},토코페롤(혼합형)]; 백설탕; 헤이즐넛초코크림8.49%[백설탕,가공유지{팜핵경화에스테르화유(말레이시아산)},혼합탈지분유(네덜란드산), 헤이즐넛페이스트(헤이즐넛:터키산),고지방분말,기타코코아가공품(영국산),코코아분말(네덜란드산),유화제]; 초콜릿맛시즈닝[코코아분말(네덜란드산),유화제]; 초콜릿맛시즈닝[코코아분말(네덜란드산)]; 캐러멀소스(칠레산); 가당연유; 코코아분말(싱가포르산); 가공소금; 결정셀룰로오스; 합성착향료(헤이즐넛향,밀크향); 베이킹파우더(산성피로인산나트륨,탄산수소나트륨,전분,제일인산칼슘,젖산칼슘); 대두; 우유; 밀; 땅콩',''),
	(102,114,'소맥분(밀,미국산); 혼합식용유{팜올레인유(말레이시아산)59.98%,해바라기유(수입산)40%,토코페롤(혼합형,대두)}; 백설탕; 프락토올리고당; 분말; 결정포도당; 산도조절제; 정제소금; 아카시아벌꿀0.4%(철원군); 검정깨; 넛맥분말; 계피분말; 합성착향료(허니향,크랙커향,훈연향); 향미증진제',''),
	(103,115,'밀쌀(밀,미국산); 백설탕; 팜올레인유(말레이시아산); 기타설탕(백설탕,전분); 물엿; 프락토올리고당; 폴리덱스트로스(식이섬유); 카라멜색소; 정제소금; 타피페이스트(우유); 영양강화제; 합성착향료(바닐린,땅콩향); 천연바닐라추출물; 유화제(대두)',''),
	(104,116,'옥분44%(호주산); 백설탕; 혼합식용유[팜올레인유(말에이시아산)59.98%,해바라기유(수입산)40%,토코페롤(혼합형)]; 가공버터(우유); 메이플시럽(캐나다산); 캐러멜소스; 버터혼합분말[가공버터,유당,카제인나트륨,유화제(대두),정제소금]; 가당연유; 가공소금; 카라멜색소; 결정셀룰로오스; 합성착향료(메이플향); 정제소금; 베이킹파우더(산도조절제,전분); 유화제','메이플시럽2.4%'),
	(105,117,'옥분42.5%(옥수수산:호주산); 혼합식용유[팜올레인유59.98%(말레이시아산), 해바라기유40%{외국산(우크라이나,말에이시아,스페인)},토코페롤(혼합형)]; 백설탕; 땅콩버터[아르헨티나산:땅콩,백설탕,정제소금,경화면실유,경화유채유]; 꿀땅콩[중국산:땅콩,백설탕,소맥분,벌꿀,올리브유]; 프락토올리고당; 캐러멜소스0.4%(칠레산); 결정셀룰로오스; 정제소금; 카라멜색소[가공소금,베이킹파우더(산성피로인산나트륨,탄산수소나트륨,전분,제일인산칼슘,젖산칼슘), 합성착향료(땅콩향,캐러멜향)]; 땅콩 11.3%; 밀; 우유; 대두',''),
	(106,118,'소맥분(밀,미국산); 혼합식용유[팜올레인유(말레이시아산)59.98%,해바라기유(수입산)40%,토코페롤(혼합형)]; 갈색설탕; 백설탕; 오곡분말(대두); 메이플시럽; 계피분말0.8%; 산도조절제; 정제소금; 아카시아벌꿀0.3%; 가공소금; 합성착향료(메이플향)',''),
	(107,119,'옥분68.88%(옥수수:호주산); 혼합식용유59.98%(말에이시아산); 해바라기유40%{외국산(우크라이나,말레이시아,스페인)}; 토코페롤(혼합형); 군옥수수맛시즈닝[키베이스C(우육:호주산),볶음천일염(천일염:국내산,신안군),로스트콘파우더{옥수수:외국산(미국,호주,브라질)},알파콘C{옥수수분말(프랑스산)}]; 천일염(신안군); 해조칼슘; 탄산수소나트륨; 우유; 대두; 쇠고기',''),
	(108,120,'옥분(옥수수:호주산); 백설탕; 가공유지{팜핵경화에스테르화유(말에이시아산),팜핵에스테르화유(말레이시아산)]; 혼합식용유[팜올레인유59.95%(말레이시아산,스페인)}토코페롤(혼합형)]; 탈지밀(유청분말,유당,뉴크림전지분,생크림분말,기타설탕); 전지밀; 유청단백분말; 치즈분말(치즈:미국산); 쌀가루; 크림치즈분말(덴마크산); 유화제; 정제소금; 결정셀룰로오스; 옥배유; 합성착향료(치즈향,밀크향); 우유; 대두; 쇠고기',''),
	(109,121,'가공초콜릿[백설탕,가공유지(팜핵경화에스테르화유(말레이시아산),팜핵에스테르화유(말레이시아산),혼합분유(네덜란드산),헤이즐넛페이스트(헤이즐넛(터키산)),코코아분말(네덜란드산),기타코코아가공품(영국산); 유화제,합성착향료(헤이즐넛향)]; 옥분(옥수수:호주산); 혼합식용유[팜올레인유59.98%(말레이시아산),해바라기유40%{외국산(우크라이나,말레이시아,스페인)}]; 토코페롤(혼합형); 쌀가루; 결정셀룰로오스; 정제소금; 옥배유; 우유; 대두; 쇠고기',''),
	(110,122,'밀가루1(밀,미국산); 마가린[가공유지{팜유류(말레이시아산),야자경화유(인도네시아산)},팜유류(말레이시아산),대두유,가공버터]; 백설탕; 가당사과{사과(국산),백설탕,펙틴,비타민C}; 밀가루2; 물엿; 가당적포도농축액[적포도농축액{미국산(고형분함향60%)}]; 마가린(경화유); 혼합식용유; 정제소금; 쇼트닝(경화유); 펙틴; 아미드펙틴; 유화제; 로커스트콩검; 합성향료(포도향); 혼합제제(적양배추색소,치자청색소,구연산,산도조절제); 구연산; 사과산; 잔탄검',''),
	(111,123,'밀가루(밀,미국산); 기타설탕; 마가린[식물성유지(팜에스테르화유(말레이시아산),야자에스테르화유(수입산),팜스테아린에스테르화유.야자경화유,대두유(수입산)(우유,대두)]; 전란액(계란); 소맥 단백; 변성전분; 탁티톨; 기타가공품; 경성가고치즈1; 경성가공치즈2소맥단백; 분말유크림; 밀키페이스트; 정제소금; 유화제; 아미노산 프리믹스씨비(영양강화제,난각분말); 비타민프리믹스씨비(영양강화제,말토덱스트린); 합성착향료; 베이킹파우더; 홍화황색소; 경성가공치즈3.5%',''),
	(112,124,'밀가루{밀(미국산)}; 기타설탕(전분; 백설탕); 마가린[식물성유지{팜에스테르화유(말레이시아산),야자에스테르화유(외국산:인도네시아,필리핀,말레이시아), 팜스테아린에스테르화,유,야자경화유},대두유(외국산:미국,태국,벨기에 등)]; 전란액(국산); 곡류가공품; 변성전분; 락티톨; 기타가공품; 과; 채가공품{파파야(태국산)}; 과; 채가공품{망고(태국산)}; 과; 채가공품{파인애플(태국산)}; 오렌지농축액(브라질산); 오렌지분말[오렌지농축분말{오렌지농축액(브라질산)}]; 푸룬페이스트(미국산); 분말유크림; 유화제; 밀키페이스트; 정제소금; 아미노산프리믹스씨비(영양강화제,L-로이신20mg,L-이소로이신 20mg,L-발린 10mg,난각분말); 비타민프리믹스씨비(영양강화제,변성전분,아라비아검,옥수수전분,말토덱스트린); 비타민C; 젖산칼륨; 프로스터A-10(유화제,프로필렌글리콜,백설탕,주정); 합성향료(오렌지향); 베이킹파우더(산도조절제,L-주석산수소칼륨,전분); 홍화황색소','');

/*!40000 ALTER TABLE `material` ENABLE KEYS */;
UNLOCK TABLES;


# Dump of table message
# ------------------------------------------------------------

DROP TABLE IF EXISTS `message`;

CREATE TABLE `message` (
  `id` int(11) unsigned NOT NULL AUTO_INCREMENT,
  `id_item` int(11) DEFAULT NULL,
  `msg1` int(11) NOT NULL,
  `msg2` int(11) NOT NULL,
  `msg3` int(11) NOT NULL,
  `msg4` int(11) NOT NULL,
  `msg5` int(11) NOT NULL,
  `msg6` int(11) NOT NULL,
  `msg7` int(11) NOT NULL,
  `msg5_txt` varchar(256) DEFAULT NULL,
  PRIMARY KEY (`id`)
) ENGINE=InnoDB DEFAULT CHARSET=utf8;

LOCK TABLES `message` WRITE;
/*!40000 ALTER TABLE `message` DISABLE KEYS */;

INSERT INTO `message` (`id`, `id_item`, `msg1`, `msg2`, `msg3`, `msg4`, `msg5`, `msg6`, `msg7`, `msg5_txt`)
VALUES
	(1,1,1,1,1,0,0,1,1,''),
	(3,11,1,1,1,0,0,1,1,''),
	(4,12,1,1,1,0,0,1,1,''),
	(5,13,1,1,1,0,0,1,1,''),
	(6,14,1,1,1,0,0,1,1,''),
	(7,15,1,1,1,0,1,1,1,'복숭아; 밀; 땅콩'),
	(8,16,1,1,1,0,1,1,1,'복숭아; 밀; 땅콩'),
	(9,18,1,1,1,0,1,1,1,'복숭아; 밀; 땅콩'),
	(10,19,1,1,1,0,1,1,1,'복숭아; 밀; 땅콩'),
	(11,20,1,1,1,0,1,0,0,'메밀; 땅콩; 돼지고기; 닭고기; 쇠고기'),
	(12,21,1,1,1,0,1,0,0,'메밀; 땅콩; 돼지고기; 닭고기; 쇠고기'),
	(13,22,1,1,1,0,1,0,0,'메밀; 땅콩; 돼지고기; 닭고기; 쇠고기'),
	(16,25,1,1,1,0,1,0,0,'게; 새우; 돼지고기; 복숭아; 토마토; 호두; 닭고기; 쇠고기; 오징어; 조개류'),
	(17,26,1,1,1,0,1,0,0,'게; 새우; 돼지고기; 복숭아; 토마토; 호두; 닭고기; 쇠고기; 오징어; 조개류'),
	(18,27,1,1,1,0,1,0,0,'게; 새우; 돼지고기; 복숭아; 토마토; 호두; 닭고기; 쇠고기; 오징어; 조개류'),
	(19,28,1,1,1,1,1,0,0,'계란; 땅콩; 게; 새우; 돼지고기; 복숭아; 토마토'),
	(20,29,1,1,1,1,1,0,0,'계란; 땅콩; 게; 새우; 돼지고기; 복숭아; 토마토'),
	(21,30,1,1,1,1,1,0,0,'계란; 땅콩; 게; 새우; 돼지고기; 복숭아; 토마토'),
	(22,31,1,1,1,0,1,0,0,'땅콩'),
	(23,32,1,1,1,0,1,0,0,'땅콩'),
	(24,33,1,1,1,0,1,0,0,'땅콩'),
	(25,34,1,1,1,0,1,0,0,'땅콩'),
	(26,35,1,1,1,0,1,0,0,'땅콩'),
	(27,36,1,1,1,1,1,0,0,'계란; 땅콩; 돼지고기; 복숭아; 토마토; 호두; 닭고기; 조개류'),
	(28,37,1,1,1,1,1,0,0,'계란; 땅콩; 돼지고기; 복숭아; 토마토; 호두; 닭고기; 조개류'),
	(29,38,1,1,1,1,1,0,0,'계란; 땅콩; 돼지고기; 복숭아; 토마토; 호두; 닭고기; 조개류'),
	(30,39,1,1,1,1,1,0,0,'계란; 땅콩; 게; 새우; 돼지고기; 복숭아; 토마토; 호두; 닭고기; 쇠고기; 오징어'),
	(31,40,1,1,1,1,1,0,0,'계란; 땅콩; 게; 새우; 돼지고기; 복숭아; 토마토; 호두; 닭고기; 쇠고기; 오징어'),
	(32,41,1,1,1,1,1,0,0,'계란; 땅콩; 게; 새우; 돼지고기; 복숭아; 토마토; 호두; 닭고기; 쇠고기; 오징어'),
	(33,42,1,1,1,1,1,0,0,'난류; 우유; 땅콩; 게; 새우; 돼지고기; 복숭아'),
	(34,43,1,1,1,1,1,0,0,'난류; 우유; 땅콩; 게; 새우; 돼지고기; 복숭아'),
	(35,44,1,1,1,1,1,0,0,'계란; 쇠고기; 오징어; 땅콩; 게; 새우; 돼지고기; 복숭아; 호두; 닭고기; 조개류'),
	(36,45,1,1,1,1,1,0,0,'계란; 쇠고기; 오징어; 땅콩; 게; 새우; 돼지고기; 복숭아; 호두; 닭고기; 조개류'),
	(37,46,1,1,1,1,1,0,0,'계란; 우유; 쇠고기; 땅콩; 게; 새우; 돼지고기; 복숭아; 토마토; 호두; 닭고기; 오징어; 조개류'),
	(38,47,1,1,1,1,1,0,0,'땅콩; 토마토; 난류; 돼지고기; 우유; 밀; 새우; 복숭아'),
	(39,48,1,1,1,1,1,0,0,'계란; 우유; 게; 돼지고기; 복숭아; 토마토; 호두; 닭고기; 쇠고기; 조개류'),
	(40,49,1,1,1,1,1,0,0,'계란; 우유; 게; 돼지고기; 복숭아; 토마토; 호두; 닭고기; 쇠고기; 조개류'),
	(41,50,1,1,1,0,1,0,0,'계란; 토마토'),
	(42,51,1,1,1,0,1,0,0,'땅콩'),
	(43,52,1,1,1,0,1,0,0,'땅콩'),
	(44,53,1,1,1,0,0,0,0,''),
	(45,54,1,1,1,0,0,0,0,''),
	(46,55,1,1,1,0,0,0,0,''),
	(47,56,1,1,1,0,0,0,0,''),
	(48,57,1,1,1,0,0,0,0,''),
	(49,58,1,1,1,0,0,0,0,''),
	(50,59,1,1,1,0,0,0,0,''),
	(51,60,1,1,1,0,1,0,0,'땅콩'),
	(52,61,1,1,1,0,1,0,0,'땅콩'),
	(53,62,1,1,1,0,0,0,0,''),
	(54,63,1,1,1,0,0,0,0,''),
	(55,64,1,1,1,0,1,0,0,'우유; 대두; 계란'),
	(56,65,1,1,1,0,1,0,0,'우유; 대두; 계란'),
	(57,66,1,1,1,0,1,0,0,'난류; 메밀; 땅콩; 고등어; 게; 새우; 돼지고기; 복숭아; 토마토; 이산화황; 호두; 닭고기; 쇠고기; 오징어; 조개류'),
	(58,67,1,1,1,0,0,0,0,''),
	(59,68,1,1,1,0,0,0,0,''),
	(60,69,1,1,1,0,0,0,0,''),
	(61,70,1,1,1,0,0,0,0,''),
	(62,71,1,1,1,0,1,0,0,'계란; 땅콩; 토마토; 호두'),
	(63,72,1,1,1,0,1,0,0,'돼지고기; 땅콩'),
	(64,73,1,1,1,0,1,0,0,'대두; 계란; 땅콩; 토마토'),
	(65,74,1,1,1,0,1,0,0,'대두; 계란; 땅콩; 토마토'),
	(66,75,1,1,1,0,1,0,0,'땅콩'),
	(67,76,1,1,1,0,1,0,0,'땅콩'),
	(68,77,1,1,1,0,0,0,0,''),
	(69,78,1,1,1,0,0,0,0,''),
	(70,79,1,1,1,0,0,0,0,''),
	(71,80,1,1,1,0,0,0,0,''),
	(72,81,1,1,1,0,0,0,0,''),
	(73,82,1,1,1,0,0,0,0,''),
	(74,83,1,1,1,0,1,0,0,''),
	(75,84,1,1,1,0,1,0,0,'땅콩; 우유; 돼지고기; 복숭아; 밀; 호두; 토마토; 쇠고기'),
	(76,85,1,1,1,0,0,1,0,''),
	(77,86,1,1,1,0,0,1,0,''),
	(78,87,1,1,1,1,0,0,0,''),
	(79,88,1,1,1,0,0,0,0,''),
	(80,89,1,1,1,0,0,0,0,''),
	(81,90,1,1,1,0,1,0,0,'대두; 우유'),
	(82,91,1,1,1,0,1,0,0,'오징어; 돼지고기'),
	(83,92,1,1,1,0,1,0,0,'닭고기'),
	(84,93,1,1,1,0,1,0,0,'돼지고기; 쇠고기; 오징어; 닭고기; 우유; 토마토'),
	(85,94,1,1,1,0,0,0,0,''),
	(86,95,1,1,1,0,1,1,1,'밀; 땅콩'),
	(87,96,1,1,1,0,1,1,1,'밀; 땅콩; 복숭아'),
	(88,97,1,1,1,0,1,0,0,'땅콩'),
	(89,98,1,1,1,0,1,1,0,'땅콩; 계란'),
	(90,99,1,1,1,0,1,1,0,'땅콩; 계란'),
	(91,100,1,1,1,0,1,0,0,'땅콩; 돼지고기'),
	(92,101,1,1,1,0,1,0,0,'땅콩; 돼지고기'),
	(93,102,1,1,1,0,1,0,0,'땅콩; 돼지고기'),
	(94,103,1,1,1,0,1,0,0,'땅콩; 계란; 돼지고기'),
	(95,104,1,1,1,0,1,0,0,'땅콩; 돼지고기; 쇠고기; 토마토'),
	(96,105,1,1,1,0,1,0,0,'땅콩; 돼조기고; 쇠고기; 토마토'),
	(97,106,1,1,1,0,1,0,0,'땅콩'),
	(98,107,1,1,1,0,1,0,0,'땅콩'),
	(99,108,1,1,1,0,1,0,0,'계란; 땅콩'),
	(100,109,1,1,1,0,1,0,0,'땅콩; 계란'),
	(101,110,1,1,1,0,1,0,0,'땅콩; 계란'),
	(102,111,1,1,1,0,0,0,0,''),
	(103,112,1,1,1,0,0,0,0,''),
	(104,113,1,1,1,0,1,0,0,'호두'),
	(105,114,1,1,1,0,1,0,0,'우유; 땅콩; 토마토; 쇠고기'),
	(106,115,1,1,1,1,0,0,0,''),
	(107,116,1,1,1,0,1,0,0,'밀; 땅콩; 토마토'),
	(108,117,1,1,1,0,1,0,0,'호두'),
	(109,118,1,1,1,0,1,0,0,'우유; 땅콩; 토마토; 쇠고기'),
	(110,119,1,1,1,0,1,0,0,'땅콩; 돼지고기'),
	(111,120,1,1,1,1,0,0,0,''),
	(112,121,1,1,1,1,0,0,0,''),
	(113,122,1,1,1,0,0,0,0,''),
	(114,123,1,1,1,0,0,0,0,''),
	(115,124,1,1,1,0,0,0,0,'');

/*!40000 ALTER TABLE `message` ENABLE KEYS */;
UNLOCK TABLES;


# Dump of table nutrition_basic
# ------------------------------------------------------------

DROP TABLE IF EXISTS `nutrition_basic`;

CREATE TABLE `nutrition_basic` (
  `id` int(11) unsigned NOT NULL AUTO_INCREMENT,
  `id_item` int(11) NOT NULL,
  `kcal` float NOT NULL,
  `carbohydrate` float NOT NULL,
  `sugar` float NOT NULL,
  `protein` float NOT NULL,
  `fat` float NOT NULL,
  `fat_s` float NOT NULL,
  `fat_t` float NOT NULL,
  `cholesterol` float NOT NULL,
  `salt` float NOT NULL,
  `amount_one` int(11) NOT NULL,
  `amount_total` int(11) NOT NULL,
  `amount_unit` varchar(32) NOT NULL DEFAULT '',
  PRIMARY KEY (`id`)
) ENGINE=InnoDB DEFAULT CHARSET=utf8;

LOCK TABLES `nutrition_basic` WRITE;
/*!40000 ALTER TABLE `nutrition_basic` DISABLE KEYS */;

INSERT INTO `nutrition_basic` (`id`, `id_item`, `kcal`, `carbohydrate`, `sugar`, `protein`, `fat`, `fat_s`, `fat_t`, `cholesterol`, `salt`, `amount_one`, `amount_total`, `amount_unit`)
VALUES
	(1,1,35,7,4.5,0,0.8,0.8,0,0,0,2,7,'개'),
	(5,11,35,7,4.5,0,0.8,0.8,0,0,0,2,7,'개'),
	(6,12,35,7,4.5,0,0.8,0.8,0,0,0,2,7,'개'),
	(7,13,35,7,4.5,0,0.8,0.8,0,0,0,2,7,'개'),
	(8,14,35,7,4.5,0,0.8,0.8,0,0,0,2,7,'개'),
	(9,15,35,7,4.7,0,0.8,0.8,0,0,0,2,10,'개'),
	(10,16,35,7,4.7,0,0.8,0.8,0,0,0,2,10,'개'),
	(11,18,35,7,4.7,0,0.8,0.8,0,0,0,2,10,'개'),
	(12,19,35,7,4.7,0,0.8,0.8,0,0,0,2,10,'개'),
	(13,20,330,44,7,5,15,7,0,5,300,1,1,'봉지'),
	(14,21,335,46,10,4,15,8,0,15,250,1,1,'봉지'),
	(15,22,320,44,9,5,14,6,0,0,250,1,1,'봉지'),
	(18,25,150,19,7,3,7,1.5,0,0,15,30,90,'g'),
	(19,26,150,19,7,3,7,1.5,0,0,15,30,165,'g'),
	(20,27,150,19,7,3,7,1.5,0,0,15,30,300,'g'),
	(21,28,170,15,1,1,12,3.9,0,0,100,30,60,'g'),
	(22,29,170,15,1,1,12,3.9,0,0,100,30,138,'g'),
	(23,30,170,15,1,1,12,3.9,0,0,100,30,152,'g'),
	(24,31,260,23,16,4,17,8,0,40,140,46,46,'g'),
	(25,32,260,23,16,4,17,8,0,40,140,46,46,'g'),
	(26,33,270,23,15,3.6,18,7,0,35,70,46,46,'g'),
	(27,34,270,23,15,3.6,18,7,0,35,70,46,46,'g'),
	(28,35,270,23,15,3.6,18,7,0,35,70,46,46,'g'),
	(29,36,180,14,2,2,13,3.9,0,5,180,30,60,'g'),
	(30,37,180,14,2,2,13,3.9,0,5,180,30,120,'g'),
	(31,38,175,15,2,2,12,3.9,0,5,190,30,60,'g'),
	(32,39,180,17,2,1,12,3.7,0,0,230,30,90,'g'),
	(33,40,365,38,7,2,23,8,0,0,20,65,65,'g'),
	(34,41,180,17,5,1,12,4,0,0,5,30,120,'g'),
	(35,42,160,19,10,1,9,2.9,0,0,150,30,230,'g'),
	(36,43,160,19,10,1,9,2.9,0,0,150,30,110,'g'),
	(37,44,180,14,2,2,13,3.8,0,0,190,30,70,'g'),
	(38,45,180,14,2,2,13,3.8,0,0,190,30,140,'g'),
	(39,46,175,17,4,2,11,3.1,0,0,50,30,140,'g'),
	(40,47,360,44,3,5,18,7,0,5,480,70,70,'g'),
	(41,48,465,70,19,10,16,4.4,0,5,260,98,98,'g'),
	(42,49,465,70,19,10,16,4.4,0,5,260,98,202,'g'),
	(43,50,95,14,3,1,3.9,2.1,0,0,120,20,80,'g'),
	(44,51,140,15,9,2,8,5,0,5,70,28,360,'g'),
	(45,52,140,15,9,2,8,5,0,5,70,28,480,'g'),
	(46,53,200,29,16,3,8,6,0,0,120,41,41,'g'),
	(47,54,220,28,14,4,10,6,0,0,140,42,42,'g'),
	(48,55,225,28,15,4,11,6,0,0,150,44,44,'g'),
	(49,56,195,29,17,2,8,6,0,0,120,41,41,'g'),
	(50,57,220,31,16,3,9,7,0,5,150,44,44,'g'),
	(51,58,120,16,7,1,6,3.4,0,0,45,26,192,'g'),
	(52,59,120,16,7,1,6,3.7,0,5,60,26,192,'g'),
	(53,60,460,51,18,6,26,13,0,25,195,86,86,'g'),
	(54,61,130,15,5,2,7,4.3,0,5,55,25,302,'g'),
	(55,62,150,24,12,3,4.2,2.9,0,5,45,31,195,'g'),
	(56,63,150,24,12,3,4.2,2.9,0,5,45,31,62,'g'),
	(57,64,100,16,1,2,2.9,1.8,0,0,160,23,135,'g'),
	(58,65,100,16,1,2,2.9,1.8,0,0,160,23,270,'g'),
	(59,66,900,97,44,10.5,52,1,31,5,545,166,166,'g'),
	(60,67,240,36,18,3,10,0,4.6,5,140,50,50,'g'),
	(61,68,245,34,14,3,11,5,0,5,85,50,50,'g'),
	(62,69,165,19,9,2,9,4,0,0,40,30,100,'g'),
	(63,70,165,19,9,2,9,4,0,0,40,30,102,'g'),
	(64,71,220,31,14,4,9,3.7,0,0,130,45,45,'g'),
	(65,72,160,17,9,2,9,6,0,5,45,29,88,'g'),
	(66,73,150,17,2,2,8,4.4,0,0,140,28,121,'g'),
	(67,74,150,17,2,2,8,4.4,0,0,140,28,218,'g'),
	(68,75,205,33,15,3,7,3.6,0,15,90,45,45,'g'),
	(69,76,315,52,24,4,10,6,0,25,140,70,70,'g'),
	(70,77,160,38,27,2,0,0,0,0,0,55,55,'g'),
	(71,78,160,38,27,2,0,0,0,0,0,55,100,'g'),
	(72,79,160,38,27,2,0,0,0,0,0,55,500,'g'),
	(73,80,95,23,15,1,0,0,0,0,20,27,27,'g'),
	(74,81,85,21,12,0.5,0,0,0,0,10,27,27,'g'),
	(75,82,85,21,12,0.5,0,0,0,0,10,24,24,'g'),
	(76,83,180,22,19,3,9,4.5,0,5,55,36,36,'g'),
	(77,84,35,9,5,0,0,0,0,0,0,10,95,'g'),
	(78,85,3,1.3,0,0.02,0,0,0,0,0.27,2,160,'g'),
	(79,86,3,1.3,0,0.02,0,0,0,0,0.27,2,160,'g'),
	(80,87,170,24,6,3,7,3.2,0,7,105,35,140,'g'),
	(81,88,220,23,22,1.3,13.9,12,0,0,60,39,39,'g'),
	(82,89,190,23,15,2,10,6,0,5,90,36,36,'g'),
	(83,90,105,14,7,2,4.8,2.3,0,5,85,21,298,'g'),
	(84,91,165,19,2,2,9,3,0,0,210,30,143,'g'),
	(85,92,160,18,1,2,9,3,0,0,230,30,143,'g'),
	(86,93,155,18,1.4,2,8.4,2.7,0,0,230,30,143,'g'),
	(87,94,160,20,7,2,8,4.3,0,0,70,31,272,'g'),
	(88,95,35,7,4,0,0.7,0.7,0,0,0,8,328,'g'),
	(89,96,35,7,4,0,0.7,0.7,0,0,0,8,328,'g'),
	(90,97,125,20,8,2,4.3,3.1,0,20,85,26,316,'g'),
	(91,98,170,18,10,3,10,5,0,5,50,32,284,'g'),
	(92,99,170,19,10,2,10,5,0,5,55,32,284,'g'),
	(93,100,160,24,12,2,6,4.5,0,0,75,36,324,'g'),
	(94,101,175,19,12,2,10,7,0,5,45,32,288,'g'),
	(95,102,185,19,12,2,11,7,0,5,65,32,288,'g'),
	(96,103,170,27,1,4,5,2.8,0,5,240,37,280,'g'),
	(97,104,115,15,5,2,5,3.3,0,5,120,23,368,'g'),
	(98,105,120,15,6,2,6,3.3,0,0,110,23,368,'g'),
	(99,106,100,14,6,1,4.6,2.9,0,5,50,20,323,'g'),
	(100,107,100,13,5,1,5,3.2,0,5,50,20,323,'g'),
	(101,108,150,20,4,2,7,4.5,0,0,180,30,240,'g'),
	(102,109,150,20,7,2,7,5,0,0,200,30,360,'g'),
	(103,110,150,20,7,2,7,5,0,0,180,30,360,'g'),
	(104,111,125,20,4,1,4.7,2,0,0,95,27,270,'g'),
	(105,112,135,21,3,2,5,2.4,0,0,160,29,253,'g'),
	(106,113,150,21,9,1,7,2.5,0,0,45,30,150,'g'),
	(107,114,155,21,6,2,7,2.2,0,0,70,30,275,'g'),
	(108,115,130,23,9,2,4,1.8,0,0,50,30,186,'g'),
	(109,116,155,20,7,1,8,3,0,0,65,30,154,'g'),
	(110,117,15,22,7,2,6,1.9,0,0,65,30,170,'g'),
	(111,118,155,19,7,2,8,2.7,0,0,75,30,174,'g'),
	(112,119,150,19,1,1,8,2.8,0,0,130,30,148,'g'),
	(113,120,165,19,7,2,9,5,0,5,60,30,139,'g'),
	(114,121,155,21,9,2,7,2.9,0,0,25,30,139,'g'),
	(115,122,60,8,4,1,2.5,1.3,0,0,30,13,192,'g'),
	(116,123,325,53,17,6,10,7,0,35,290,76,76,'g'),
	(117,124,325,53,17,6,10,6,0,35,310,76,76,'g');

/*!40000 ALTER TABLE `nutrition_basic` ENABLE KEYS */;
UNLOCK TABLES;


# Dump of table nutrition_etc
# ------------------------------------------------------------

DROP TABLE IF EXISTS `nutrition_etc`;

CREATE TABLE `nutrition_etc` (
  `id` int(11) unsigned NOT NULL AUTO_INCREMENT,
  `id_item` int(11) NOT NULL,
  `fiber` float DEFAULT NULL,
  `folate` float DEFAULT NULL,
  `niacin` float DEFAULT NULL,
  `iron` float DEFAULT NULL,
  `calcium` float DEFAULT NULL,
  `vitamin_a` float DEFAULT NULL,
  `vitamin_b1` float DEFAULT NULL,
  `vitamin_b2` float DEFAULT NULL,
  `vitamin_b6` float DEFAULT NULL,
  `vitamin_c` float DEFAULT NULL,
  `vitamin_d` float DEFAULT NULL,
  `vitamin_e` float DEFAULT NULL,
  PRIMARY KEY (`id`)
) ENGINE=InnoDB DEFAULT CHARSET=utf8;

LOCK TABLES `nutrition_etc` WRITE;
/*!40000 ALTER TABLE `nutrition_etc` DISABLE KEYS */;

INSERT INTO `nutrition_etc` (`id`, `id_item`, `fiber`, `folate`, `niacin`, `iron`, `calcium`, `vitamin_a`, `vitamin_b1`, `vitamin_b2`, `vitamin_b6`, `vitamin_c`, `vitamin_d`, `vitamin_e`)
VALUES
	(1,1,NULL,NULL,NULL,NULL,NULL,NULL,NULL,NULL,NULL,3.3,NULL,NULL),
	(5,11,NULL,NULL,NULL,NULL,NULL,NULL,NULL,NULL,NULL,3.3,NULL,NULL),
	(6,12,NULL,NULL,NULL,NULL,NULL,NULL,NULL,NULL,NULL,3.3,NULL,NULL),
	(7,13,NULL,NULL,NULL,NULL,NULL,NULL,NULL,NULL,NULL,3.3,NULL,NULL),
	(8,14,NULL,NULL,NULL,NULL,NULL,NULL,NULL,NULL,NULL,3.3,NULL,NULL),
	(9,15,NULL,NULL,NULL,NULL,NULL,NULL,NULL,NULL,NULL,8.8,NULL,NULL),
	(10,16,NULL,NULL,NULL,NULL,NULL,NULL,NULL,NULL,NULL,8.8,NULL,NULL),
	(11,18,NULL,NULL,NULL,NULL,NULL,NULL,NULL,NULL,NULL,8.8,NULL,NULL),
	(12,19,NULL,NULL,NULL,NULL,NULL,NULL,NULL,NULL,NULL,8.8,NULL,NULL),
	(13,20,NULL,60,3.09,2.86,173,126,0.43,0.2,0.22,NULL,NULL,4.57),
	(14,21,NULL,60,3.4,3.12,145,122,0.38,0.17,0.22,NULL,NULL,4.3),
	(15,22,NULL,100,3.1,2.56,220,126,0.43,0.2,0.22,NULL,NULL,4.5),
	(18,25,NULL,NULL,NULL,NULL,NULL,NULL,NULL,NULL,NULL,NULL,NULL,NULL),
	(19,26,NULL,NULL,NULL,NULL,NULL,NULL,NULL,NULL,NULL,NULL,NULL,NULL),
	(20,27,NULL,NULL,NULL,NULL,NULL,NULL,NULL,NULL,NULL,NULL,NULL,NULL),
	(21,28,NULL,NULL,NULL,NULL,NULL,NULL,NULL,NULL,NULL,NULL,NULL,NULL),
	(22,29,NULL,NULL,NULL,NULL,NULL,NULL,NULL,NULL,NULL,NULL,NULL,NULL),
	(23,30,NULL,NULL,NULL,NULL,NULL,NULL,NULL,NULL,NULL,NULL,NULL,NULL),
	(24,31,NULL,NULL,NULL,NULL,226,NULL,NULL,NULL,NULL,NULL,NULL,NULL),
	(25,32,NULL,NULL,NULL,NULL,226,NULL,NULL,NULL,NULL,NULL,NULL,NULL),
	(26,33,NULL,NULL,NULL,NULL,NULL,NULL,NULL,NULL,NULL,NULL,NULL,NULL),
	(27,34,NULL,NULL,NULL,NULL,NULL,NULL,NULL,NULL,NULL,NULL,NULL,NULL),
	(28,35,NULL,NULL,NULL,NULL,NULL,NULL,NULL,NULL,NULL,NULL,NULL,NULL),
	(29,36,NULL,NULL,NULL,NULL,NULL,NULL,NULL,NULL,NULL,NULL,NULL,NULL),
	(30,37,NULL,NULL,NULL,NULL,NULL,NULL,NULL,NULL,NULL,NULL,NULL,NULL),
	(31,38,NULL,NULL,NULL,NULL,NULL,NULL,NULL,NULL,NULL,NULL,NULL,NULL),
	(32,39,NULL,NULL,NULL,NULL,NULL,NULL,NULL,NULL,NULL,NULL,NULL,NULL),
	(33,40,2,NULL,NULL,NULL,85,NULL,NULL,NULL,NULL,NULL,NULL,NULL),
	(34,41,0.9,NULL,NULL,NULL,39,NULL,NULL,NULL,NULL,NULL,NULL,NULL),
	(35,42,NULL,NULL,NULL,NULL,NULL,NULL,NULL,NULL,NULL,NULL,NULL,NULL),
	(36,43,NULL,NULL,NULL,NULL,NULL,NULL,NULL,NULL,NULL,NULL,NULL,NULL),
	(37,44,NULL,NULL,NULL,NULL,NULL,NULL,NULL,NULL,NULL,NULL,NULL,NULL),
	(38,45,NULL,NULL,NULL,NULL,NULL,NULL,NULL,NULL,NULL,NULL,NULL,NULL),
	(39,46,NULL,NULL,NULL,NULL,NULL,NULL,NULL,NULL,NULL,NULL,NULL,NULL),
	(40,47,NULL,NULL,NULL,NULL,NULL,NULL,NULL,NULL,NULL,NULL,NULL,NULL),
	(41,48,NULL,NULL,NULL,NULL,NULL,NULL,NULL,NULL,NULL,NULL,NULL,NULL),
	(42,49,NULL,NULL,NULL,NULL,NULL,NULL,NULL,NULL,NULL,NULL,NULL,NULL),
	(43,50,NULL,NULL,NULL,NULL,NULL,NULL,NULL,NULL,NULL,NULL,NULL,NULL),
	(44,51,NULL,NULL,NULL,NULL,NULL,NULL,NULL,NULL,NULL,NULL,NULL,NULL),
	(45,52,NULL,NULL,NULL,NULL,NULL,NULL,NULL,NULL,NULL,NULL,NULL,NULL),
	(46,53,NULL,NULL,NULL,NULL,NULL,NULL,NULL,NULL,NULL,NULL,NULL,NULL),
	(47,54,NULL,NULL,NULL,NULL,NULL,NULL,NULL,NULL,NULL,NULL,NULL,NULL),
	(48,55,NULL,NULL,NULL,NULL,NULL,NULL,NULL,NULL,NULL,NULL,NULL,NULL),
	(49,56,NULL,NULL,NULL,NULL,NULL,NULL,NULL,NULL,NULL,NULL,NULL,NULL),
	(50,57,NULL,NULL,NULL,NULL,NULL,NULL,NULL,NULL,NULL,NULL,NULL,NULL),
	(51,58,NULL,NULL,NULL,NULL,NULL,NULL,NULL,NULL,NULL,NULL,NULL,NULL),
	(52,59,NULL,NULL,NULL,NULL,NULL,NULL,NULL,NULL,NULL,NULL,NULL,NULL),
	(53,60,NULL,NULL,NULL,NULL,NULL,NULL,NULL,NULL,NULL,NULL,NULL,NULL),
	(54,61,NULL,NULL,NULL,NULL,NULL,NULL,NULL,NULL,NULL,NULL,NULL,NULL),
	(55,62,NULL,NULL,NULL,NULL,NULL,NULL,NULL,NULL,NULL,NULL,NULL,NULL),
	(56,63,NULL,NULL,NULL,NULL,NULL,NULL,NULL,NULL,NULL,NULL,NULL,NULL),
	(57,64,NULL,NULL,NULL,NULL,NULL,NULL,NULL,NULL,NULL,NULL,NULL,NULL),
	(58,65,NULL,NULL,NULL,NULL,NULL,NULL,NULL,NULL,NULL,NULL,NULL,NULL),
	(59,66,NULL,NULL,NULL,NULL,NULL,NULL,NULL,NULL,NULL,NULL,NULL,NULL),
	(60,67,NULL,NULL,NULL,NULL,NULL,NULL,NULL,NULL,NULL,NULL,NULL,NULL),
	(61,68,NULL,NULL,NULL,NULL,NULL,NULL,NULL,NULL,NULL,NULL,NULL,NULL),
	(62,69,NULL,NULL,NULL,NULL,NULL,NULL,NULL,NULL,NULL,NULL,NULL,NULL),
	(63,70,NULL,NULL,NULL,NULL,NULL,NULL,NULL,NULL,NULL,NULL,NULL,NULL),
	(64,71,NULL,NULL,NULL,NULL,NULL,NULL,NULL,NULL,NULL,NULL,NULL,NULL),
	(65,72,NULL,NULL,NULL,NULL,NULL,NULL,NULL,NULL,NULL,NULL,NULL,NULL),
	(66,73,NULL,NULL,NULL,NULL,NULL,NULL,NULL,NULL,NULL,NULL,NULL,NULL),
	(67,74,NULL,NULL,NULL,NULL,NULL,NULL,NULL,NULL,NULL,NULL,NULL,NULL),
	(68,75,NULL,NULL,NULL,NULL,45,NULL,0.23,0.18,0.23,NULL,NULL,NULL),
	(69,76,NULL,NULL,NULL,NULL,70,NULL,0.35,0.27,0.35,NULL,NULL,NULL),
	(70,77,NULL,NULL,NULL,NULL,NULL,NULL,NULL,NULL,NULL,NULL,NULL,NULL),
	(71,78,NULL,NULL,NULL,NULL,NULL,NULL,NULL,NULL,NULL,NULL,NULL,NULL),
	(72,79,NULL,NULL,NULL,NULL,NULL,NULL,NULL,NULL,NULL,NULL,NULL,NULL),
	(73,80,NULL,NULL,NULL,NULL,NULL,NULL,NULL,NULL,NULL,NULL,NULL,NULL),
	(74,81,NULL,NULL,NULL,NULL,NULL,NULL,NULL,NULL,NULL,NULL,NULL,NULL),
	(75,82,NULL,NULL,NULL,NULL,NULL,NULL,NULL,NULL,NULL,NULL,NULL,NULL),
	(76,83,NULL,NULL,NULL,NULL,NULL,NULL,NULL,NULL,NULL,NULL,NULL,NULL),
	(77,84,NULL,NULL,NULL,NULL,NULL,NULL,NULL,NULL,NULL,NULL,NULL,NULL),
	(78,85,NULL,NULL,NULL,NULL,NULL,NULL,NULL,NULL,NULL,NULL,NULL,NULL),
	(79,86,NULL,NULL,NULL,NULL,NULL,NULL,NULL,NULL,NULL,NULL,NULL,NULL),
	(80,87,NULL,NULL,NULL,1.8,105,105,0.18,0.21,NULL,15,NULL,NULL),
	(81,88,NULL,NULL,NULL,NULL,NULL,NULL,NULL,NULL,NULL,NULL,NULL,NULL),
	(82,89,NULL,NULL,NULL,NULL,NULL,NULL,NULL,NULL,NULL,NULL,NULL,NULL),
	(83,90,NULL,NULL,NULL,NULL,NULL,NULL,NULL,NULL,NULL,NULL,NULL,NULL),
	(84,91,NULL,NULL,NULL,NULL,NULL,NULL,NULL,NULL,NULL,NULL,NULL,NULL),
	(85,92,NULL,NULL,NULL,NULL,NULL,NULL,NULL,NULL,NULL,NULL,NULL,NULL),
	(86,93,NULL,NULL,NULL,NULL,NULL,NULL,NULL,NULL,NULL,NULL,NULL,NULL),
	(87,94,NULL,NULL,NULL,NULL,NULL,NULL,NULL,NULL,NULL,NULL,NULL,NULL),
	(88,95,NULL,NULL,NULL,NULL,NULL,NULL,NULL,NULL,NULL,8,NULL,NULL),
	(89,96,NULL,NULL,NULL,NULL,NULL,NULL,NULL,NULL,NULL,8,NULL,NULL),
	(90,97,NULL,NULL,NULL,NULL,NULL,NULL,NULL,NULL,NULL,NULL,NULL,NULL),
	(91,98,NULL,NULL,NULL,NULL,NULL,NULL,NULL,NULL,NULL,NULL,NULL,NULL),
	(92,99,NULL,NULL,NULL,NULL,NULL,NULL,NULL,NULL,NULL,NULL,NULL,NULL),
	(93,100,NULL,NULL,NULL,NULL,NULL,NULL,NULL,NULL,NULL,NULL,NULL,NULL),
	(94,101,NULL,NULL,NULL,NULL,NULL,NULL,NULL,NULL,NULL,NULL,NULL,NULL),
	(95,102,NULL,NULL,NULL,NULL,NULL,NULL,NULL,NULL,NULL,NULL,NULL,NULL),
	(96,103,NULL,NULL,NULL,NULL,NULL,NULL,NULL,NULL,NULL,NULL,NULL,NULL),
	(97,104,NULL,NULL,NULL,NULL,NULL,NULL,NULL,NULL,NULL,NULL,NULL,NULL),
	(98,105,NULL,NULL,NULL,NULL,NULL,NULL,NULL,NULL,NULL,NULL,NULL,NULL),
	(99,106,NULL,NULL,NULL,NULL,NULL,NULL,NULL,NULL,NULL,NULL,NULL,NULL),
	(100,107,NULL,NULL,NULL,NULL,NULL,NULL,NULL,NULL,NULL,NULL,NULL,NULL),
	(101,108,NULL,NULL,NULL,NULL,NULL,NULL,NULL,NULL,NULL,NULL,NULL,NULL),
	(102,109,NULL,NULL,NULL,NULL,NULL,NULL,NULL,NULL,NULL,NULL,NULL,NULL),
	(103,110,NULL,NULL,NULL,NULL,NULL,NULL,NULL,NULL,NULL,NULL,NULL,NULL),
	(104,111,NULL,NULL,NULL,NULL,NULL,NULL,NULL,NULL,NULL,NULL,NULL,NULL),
	(105,112,NULL,NULL,NULL,NULL,NULL,NULL,NULL,NULL,NULL,NULL,NULL,NULL),
	(106,113,NULL,NULL,NULL,NULL,NULL,NULL,NULL,NULL,NULL,NULL,NULL,NULL),
	(107,114,NULL,NULL,NULL,NULL,NULL,NULL,NULL,NULL,NULL,NULL,NULL,NULL),
	(108,115,2,24,0.9,NULL,NULL,42.6,0.07,0.08,0.09,6,0.3,NULL),
	(109,116,NULL,NULL,NULL,NULL,NULL,NULL,NULL,NULL,NULL,NULL,NULL,NULL),
	(110,117,NULL,NULL,NULL,NULL,NULL,NULL,NULL,NULL,NULL,NULL,NULL,NULL),
	(111,118,NULL,NULL,NULL,NULL,NULL,NULL,NULL,NULL,NULL,NULL,NULL,NULL),
	(112,119,NULL,NULL,NULL,NULL,31.5,NULL,NULL,NULL,NULL,NULL,NULL,NULL),
	(113,120,NULL,NULL,NULL,NULL,NULL,NULL,NULL,NULL,NULL,NULL,NULL,NULL),
	(114,121,NULL,NULL,NULL,NULL,NULL,NULL,NULL,NULL,NULL,NULL,NULL,NULL),
	(115,122,NULL,NULL,NULL,NULL,NULL,NULL,NULL,NULL,NULL,NULL,NULL,NULL),
	(116,123,NULL,75,3.9,2.4,250,210,0.3,0.36,0.42,25,NULL,3),
	(117,124,NULL,120,45,2.4,250,210,0.36,0.42,0.45,25,NULL,3.3);

/*!40000 ALTER TABLE `nutrition_etc` ENABLE KEYS */;
UNLOCK TABLES;



/*!40111 SET SQL_NOTES=@OLD_SQL_NOTES */;
/*!40101 SET SQL_MODE=@OLD_SQL_MODE */;
/*!40014 SET FOREIGN_KEY_CHECKS=@OLD_FOREIGN_KEY_CHECKS */;
/*!40101 SET CHARACTER_SET_CLIENT=@OLD_CHARACTER_SET_CLIENT */;
/*!40101 SET CHARACTER_SET_RESULTS=@OLD_CHARACTER_SET_RESULTS */;
/*!40101 SET COLLATION_CONNECTION=@OLD_COLLATION_CONNECTION */;
